,Ign,Team,Acs,Matches_x,Headshot %,Bodyshot %,Legshot %,Matches_y,Opponents,Clutches,Clutch Failures,Damage,Defusals,Headshots,Kills,Deaths,Assists,Kd,Multikills,Plants,Spend,Player Id
0,valyn,The Guard (ex),399,55,24.24,69.53,6.21,55,,12,117,147558,18,605,795,783,403,1.02,190,220,2891900,1804
1,Chronicle,M3 Champions (ex),394,47,22.23,72.46,5.3,47,,11,69,259409,13,527,573,501,185,1.14,356,56,2519150,274
65,Chronicle,Gambit Esports (ex),284,5,24.84,71.01,4.14,5,,4,14,21514,3,78,117,75,57,1.56,33,4,293850,274
66,nAts,M3 Champions (ex),392,47,31.02,64.4,4.57,47,,21,73,260307,13,702,834,674,290,1.24,370,48,2517500,1081
130,nAts,Gambit Esports (ex),146,5,26.59,69.14,4.25,5,,2,12,11029,3,50,61,80,31,0.76,15,18,315200,1081
131,sheydos,M3 Champions (ex),361,47,25.12,68.23,6.63,34,,19,93,96252,23,390,543,448,195,1.21,136,66,1865950,2528
132,sheydos,Gambit Esports (ex),222,5,26.76,65.79,7.43,5,,3,15,17466,3,72,97,75,26,1.29,25,8,329500,2528
133,Akame,K2 eSports (ex),338,2,32.69,62.5,4.8,2,,1,10,8629,2,34,49,30,3,1.63,14,1,103200,8955
137,Akame,Jadeite,182,8,22.66,74.4,2.93,8,,1,12,20823,1,85,99,134,61,0.74,24,16,430300,8955
141,luckeRRR,BIG (ex),334,12,26.87,64.23,8.88,12,,2,27,53430,2,118,143,186,76,0.77,66,38,613950,819
205,Redgar,M3 Champions (ex),325,47,31.84,60.9,7.24,34,,11,49,91460,19,413,487,505,223,0.96,115,59,1804200,1964
206,Redgar,Gambit Esports (ex),203,5,41.04,55.49,3.46,5,,0,7,16305,3,71,83,85,33,0.98,17,12,306900,1964
207,Dualing,Storks Phalanx (ex),291,4,29.83,64.91,5.24,4,,0,7,17376,1,74,93,70,20,1.33,29,3,253600,2311
208,kobra,Sengoku Gaming (ex),281,7,29.43,66.22,4.34,7,,3,5,21433,3,88,120,84,15,1.43,31,2,293150,6773
209,JohnOlsen,FULL SENSE,279,11,29.02,66.85,4.11,11,,2,11,41671,8,155,242,173,33,1.4,65,5,641700,2018
210,Lightningfast,Global Esports,272,5,25.99,68.8,5.19,5,,1,6,18876,1,85,100,85,18,1.18,25,1,290950,1505
211,Lakia,IGZIST (ex),269,19,25.14,68.22,6.62,19,,4,28,62589,7,220,327,256,103,1.28,84,18,925900,3521
212,Rico,EVA:e (ex),268,3,29.83,70.16,0.0,3,,0,11,11595,1,37,68,43,9,1.58,17,5,146600,9553
213,Foxy9,Reignite (ex),266,10,29.68,61.91,8.39,10,,1,19,32984,2,152,181,155,22,1.17,51,4,526300,10573
214,something,BLUE BEES.ESP (ex),265,7,22.38,72.26,5.35,7,,0,11,24148,3,92,134,96,24,1.4,35,1,366350,15518
215,something,Sengoku Gaming,223,4,17.48,77.59,4.91,4,,2,11,11173,3,32,60,62,7,0.97,15,3,214600,15518
216,hsk,DetonatioN Gaming White,263,4,16.98,74.71,8.3,4,,1,8,13225,2,45,70,50,33,1.4,19,2,209250,23140
217,Ssun,Spear Gaming (ex),261,30,21.54,73.65,4.8,30,,5,39,100703,8,399,536,489,107,1.1,151,12,1606650,15737
218,NoMan,Oblivion Force (ex),261,4,27.65,68.61,3.72,4,,0,10,14018,1,52,77,71,15,1.08,22,1,248050,10510
219,Munchkin,Crazy Raccoon (ex),259,26,25.55,69.69,4.75,26,,5,26,85495,11,312,460,367,99,1.25,115,12,1477500,876
221,Meteor,NORTHEPTION (ex),259,40,24.01,70.8,5.17,40,,13,56,133469,9,520,747,616,133,1.21,199,10,2147300,12341
222,CLZ,FENNEL,257,7,25.72,66.74,7.52,7,,2,18,23482,7,106,133,94,55,1.41,37,7,367200,10
223,keznit,KRÜ Esports (ex),257,70,22.07,71.42,6.5,70,,22,99,244498,20,947,1260,1048,394,1.2,344,28,3852300,1725
224,Vera,No Namers (ex),257,5,27.89,68.24,3.86,5,,1,6,17006,3,65,85,79,21,1.08,20,1,249750,23031
226,mittiii,FENNEL (ex),256,7,18.89,74.7,6.39,7,,0,6,22356,6,65,125,110,29,1.14,35,2,373550,2706
227,T3xture,DAMWON Gaming (ex),256,56,27.79,67.68,4.52,56,,14,88,185962,23,731,1032,824,162,1.25,284,21,2913000,4811
228,Anthem,SCARZ (ex),254,5,22.89,70.28,6.82,5,,1,5,17671,3,57,101,82,20,1.23,29,2,276450,2114
229,f0rsakeN,Paper Rex,253,61,27.59,66.42,5.98,61,,13,64,205251,19,844,1136,937,215,1.21,316,47,3315500,8386
230,Alfajer,FNATIC,251,45,27.43,68.53,4.03,45,,16,62,162034,26,701,845,665,221,1.27,211,34,2603100,14543
231,Jemkin,Crest Gaming ZST (ex),250,7,39.33,58.55,2.1,7,,9,17,25709,2,131,148,110,20,1.35,38,2,413900,23152
232,Jemkin,BLUE BEES.ESP (ex),232,6,23.85,70.81,5.32,6,,4,12,21740,7,94,104,104,24,1.0,25,4,375900,23152
233,Derke,FNATIC,250,65,26.34,69.52,4.12,65,,15,78,226291,25,804,1250,981,219,1.27,334,38,3438050,2937
234,thiefy,Sengoku Gaming (ex),248,7,25.29,70.63,4.06,7,,3,15,19315,4,87,107,73,21,1.47,27,3,279950,2291
235,yay,OpTic Gaming (ex),248,111,24.67,71.44,3.87,111,,33,237,368238,49,1011,2081,1551,299,1.34,546,45,5586050,2716
236,oitaN,IGZIST,247,19,26.53,68.25,5.21,19,,4,46,56090,6,229,311,236,77,1.32,78,14,848000,2015
237,Jinggg,Paper Rex,247,61,19.62,75.18,5.19,61,,10,53,205856,15,775,1077,978,336,1.1,291,76,3498950,432
238,mwzera,Keyd Stars (ex),247,60,17.45,77.57,4.97,60,,29,106,213129,39,674,1089,906,396,1.2,279,41,3430000,81
239,leaf,Cloud9,247,47,22.73,70.97,6.29,47,,16,54,159379,14,614,858,729,201,1.18,240,16,2686150,3599
241,aspas,LOUD,245,67,24.75,71.5,3.73,67,,14,88,217774,23,835,1193,904,262,1.32,322,25,3430250,4748
242,SkRossi,Global Esports,243,5,23.61,72.68,3.7,5,,1,15,16272,4,51,93,83,7,1.12,24,1,267650,1685
243,liazzi,Liberty,242,20,20.56,73.57,5.85,20,,10,25,68018,9,260,352,318,91,1.11,88,11,1155100,4745
244,nukkye,G2 Esports (Inactive) (ex),242,57,19.92,74.33,5.73,57,,21,117,199169,26,681,967,850,356,1.14,245,49,3188200,1826
245,Bangnan,Team T5 (ex),242,22,34.35,59.22,6.42,22,,5,33,69934,1,326,380,330,74,1.15,109,19,1063250,6546
246,Bangnan,DAMWON Gaming (ex),213,28,35.95,54.77,9.27,28,,4,31,80486,5,380,427,427,140,1.0,106,29,1455350,6546
247,heat,Keyd Stars (ex),242,60,32.09,62.8,5.1,60,,17,133,206448,16,786,1140,909,163,1.25,299,19,3303250,5288
248,NiSMO,Ghost Gaming (ex),242,15,24.21,67.28,8.49,15,,7,21,50337,9,208,266,226,112,1.18,71,24,857850,1780
249,Hate,Jadeite (ex),242,4,31.95,58.76,9.27,4,,3,2,12998,1,62,67,56,17,1.2,15,5,181600,315
250,Hate,DAMWON Gaming (ex),153,28,36.71,57.77,5.5,28,,11,59,59938,10,300,307,384,169,0.8,61,96,1389800,315
251,jzz,MIBR,241,17,26.25,68.41,5.33,17,,5,14,59852,4,251,317,285,56,1.11,83,2,1012550,11296
252,MatiS,EBRO Gaming (ex),241,11,24.53,66.47,8.98,11,,3,17,33277,3,131,185,167,37,1.11,56,7,544100,4605
253,Meiy,Crazy Raccoon,240,40,21.66,70.2,8.13,40,,9,45,125843,17,490,700,567,168,1.23,190,37,2084050,1886
254,xand,Ninjas in Pyjamas (ex),240,66,23.72,71.22,5.04,66,,19,133,213827,18,884,1191,1055,250,1.13,334,15,3707350,3203
255,dgzin,Gamelanders Blue (ex),240,24,25.98,70.35,3.65,24,,9,45,78594,12,256,447,391,70,1.14,117,17,1391050,6038
256,dgzin,FURIA,228,15,29.53,65.0,5.45,15,,5,15,48522,4,184,265,238,57,1.11,72,11,858950,6038
257,allow,Jadeite (ex),239,12,19.73,75.65,4.6,12,,5,27,38585,6,120,207,191,39,1.08,51,8,616400,1746
258,Famouz,Persija Esports (ex),239,16,18.51,75.68,5.79,16,,5,26,56510,4,195,282,271,81,1.04,78,8,925750,386
259,Famouz,BOOM Esports (ex),216,18,17.87,75.74,6.37,18,,3,37,60496,5,185,296,283,118,1.05,70,12,1094100,386
260,Tuli,Movistar Optix (ex),238,27,22.73,71.71,5.55,27,,5,37,90317,3,344,452,459,129,0.98,118,6,1514300,14764
261,Deryeon,Bleed Esports (ex),238,37,20.17,73.0,6.81,37,,12,44,118248,9,382,665,609,136,1.09,175,12,2017650,6639
262,QutionerX,BBL Esports,238,26,23.87,70.27,5.84,26,,8,50,84579,10,298,454,415,92,1.09,120,9,1467900,9643
263,JUGi,FOKUS,238,12,18.25,75.71,6.03,12,,6,23,38275,5,115,216,202,55,1.07,55,3,688700,20802
264,penny,Version1 (Inactive) (ex),237,21,21.94,71.79,6.25,21,,9,25,67169,10,214,367,294,79,1.25,104,4,1095750,26881
266,Redneval,CERBERUS Esports (ex),237,8,25.74,67.36,6.88,8,,0,8,22814,3,86,131,134,20,0.98,34,4,423050,730
267,Monyet,Onic Esports (ex),237,38,23.28,72.54,4.17,38,,11,42,129475,18,535,680,616,164,1.1,178,7,2175800,3377
268,dicey,FaZe Clan,236,37,28.91,68.21,2.87,37,,13,93,129259,15,412,721,552,101,1.31,203,17,2062750,789
269,Jremy,Team Secret,236,10,22.42,72.63,4.93,10,,7,28,32204,5,109,173,139,50,1.24,43,11,494950,2121
270,Cryocells,XSET (ex),236,66,24.95,71.91,3.13,66,,20,133,208266,34,598,1240,918,158,1.35,331,31,3321050,1802
271,Bazzi,On Sla2ers (ex),236,55,14.96,76.77,8.26,49,,12,92,140549,24,375,777,599,192,1.3,201,30,2330300,1075
273,ScreaM,Team Liquid (ex),235,75,30.61,64.26,5.11,75,,17,129,260376,36,1166,1310,1154,366,1.14,359,55,4347650,1690
274,BuZz,DRX,235,91,26.02,68.35,5.62,91,,29,140,281289,19,1236,1520,1195,379,1.27,408,51,4622950,1251
275,BABYBAY,FaZe Clan,235,37,17.61,75.3,7.08,37,,8,57,129327,13,440,668,622,176,1.07,172,10,2316450,369
276,HANN,World Game Star,235,56,23.62,70.47,5.89,56,,9,105,175982,14,685,920,857,190,1.07,237,19,2938950,2650
277,Wenty,Tartarus (ex),234,16,31.98,64.39,3.62,14,,3,35,38419,5,150,213,201,26,1.06,53,8,596200,15738
278,Wenty,GoNGo Prince (ex),194,7,33.55,63.42,3.02,7,,2,18,21048,1,100,107,118,27,0.91,26,7,400200,15738
279,Sayf,Guild Esports (ex),233,54,25.64,69.41,4.94,54,,20,133,175592,24,628,988,778,198,1.27,260,36,2853800,1834
280,jawgemo,Evil Geniuses,233,35,21.54,71.49,6.96,35,,7,39,115941,15,458,611,598,205,1.02,162,32,2175500,4157
281,Cloud,Natus Vincere (ex),233,35,28.72,66.77,4.49,35,,10,65,121149,12,511,619,577,213,1.07,152,49,2088850,2983
283,Luna,IXA,233,5,26.85,67.35,5.78,5,,4,9,15388,3,65,87,71,9,1.23,23,2,254050,17472
287,Kush,Alter Ego,233,22,25.28,69.1,5.6,22,,11,54,70017,8,284,390,344,132,1.13,101,17,1248000,3358
288,Kadoom,Made in Thailand,233,28,24.89,67.86,7.24,28,,9,28,91727,9,361,496,471,108,1.05,133,5,1623000,157
289,cNed,Acend (ex),232,37,27.22,66.64,6.13,37,,4,86,114731,3,404,629,569,112,1.11,175,17,1974050,732
290,Minty,FAV gaming,232,23,22.94,69.42,7.62,23,,7,45,69989,9,277,372,327,107,1.14,96,14,1152500,314
291,Feniz,E-Xolos LAZER,232,16,25.22,70.29,4.47,16,,3,39,54235,9,220,281,246,81,1.14,77,13,865950,3274
292,ban,Knights (ex),232,17,27.38,69.48,3.12,17,,2,39,49368,2,175,279,272,54,1.03,69,3,911450,3340
293,Reita,Crest Gaming ZST (si),231,1,33.92,62.5,3.57,1,,3,0,3817,1,19,16,17,11,0.94,5,1,56900,2584
294,Reita,REJECT (ex),206,31,25.46,67.41,7.11,31,,10,57,83952,10,340,434,422,190,1.03,101,33,1587650,2584
295,Knight,Pentagon,231,5,26.71,67.14,6.13,5,,4,10,15682,2,74,87,74,41,1.18,25,6,275100,15485
297,K1llgrave,DeToNator (ex),231,3,26.34,70.05,3.59,3,,3,4,10487,2,44,55,51,18,1.08,15,6,183050,9583
298,Laz,ZETA DIVISION,231,63,25.0,69.32,5.66,63,,21,128,190067,35,720,1045,863,277,1.21,272,32,3121050,2212
300,Lmemore,Onic Esports (ex),231,38,32.63,63.08,4.28,38,,14,94,124911,17,480,679,576,169,1.18,181,21,2096950,3583
301,H1BER,FNATIC (si),231,4,19.35,75.57,5.06,4,,0,4,13097,2,42,63,73,22,0.86,16,2,222300,20
302,Sayaplayer,The Guard (ex),230,55,25.68,68.79,5.51,55,,14,91,170721,21,591,933,802,166,1.16,240,12,2877350,2551
303,Daveeys,E-Xolos LAZER (ex),230,16,26.25,68.28,5.46,16,,5,42,52213,7,168,281,239,57,1.18,69,6,841100,2773
304,Fisker,FAV gaming (ex),230,23,25.99,68.6,5.39,23,,5,26,67294,8,241,365,368,82,0.99,99,2,1245800,1824
305,Twisten,BIG (ex),230,25,23.34,71.16,5.48,25,,7,52,79263,9,336,410,403,109,1.02,108,14,1413250,1538
306,Moothie,CNJ Esports (ex),230,18,27.76,67.52,4.7,18,,4,40,55928,4,183,315,268,49,1.18,80,8,914800,2306
307,ardiis,FunPlus Phoenix (ex),229,89,21.39,72.07,6.52,89,,25,174,279229,25,859,1517,1325,400,1.14,395,65,4596350,3043
308,deLb,Alter Ego,229,22,23.94,69.96,6.08,22,,3,31,73018,4,307,367,353,98,1.04,87,2,1287200,9957
309,trexx,Guild Esports,228,54,21.01,69.86,9.12,54,,22,91,179409,26,675,911,831,374,1.1,231,53,3084050,966
310,TenZ,Sentinels,228,36,22.26,71.55,6.18,36,,13,62,119867,14,389,647,609,142,1.06,169,23,2115450,3033
311,MOLSI,OG LDN UTD (ex),228,21,26.69,66.15,7.14,21,,7,47,70629,18,295,361,344,137,1.05,87,20,1224550,2561
312,MOLSI,LDN UTD (ex),221,12,24.81,66.29,8.88,12,,2,23,35072,5,134,175,171,70,1.02,42,12,580900,2561
313,Tacolilla,Leviatán,228,71,22.71,71.39,5.88,71,,27,144,218845,32,675,1234,935,270,1.32,328,46,3446400,3532
314,Chibab,Maru Gaming,227,58,21.16,70.79,8.03,58,,6,47,171113,13,632,904,910,242,0.99,237,13,3183150,8382
315,Nizzy,Fancy United Esports,227,5,25.44,70.67,3.88,5,,0,12,18544,2,72,90,91,37,0.99,26,7,326000,2539
316,JinboongE,Brimstone (ex),227,7,35.13,59.79,5.06,7,,4,7,21802,5,104,118,96,44,1.23,33,5,346900,2508
317,JinboongE,HolyMolly (ex),181,26,31.19,59.91,8.88,26,,6,52,62283,9,302,314,382,131,0.82,67,29,1307650,2508
318,sScary,XERXIA Esports (ex),227,61,24.22,69.7,6.07,61,,45,174,193709,21,793,1013,830,495,1.22,250,62,3187350,766
319,artzin,Stars Horizon (ex),226,8,21.76,73.83,4.4,8,,1,12,24078,3,89,122,132,25,0.92,31,2,437850,20594
320,UdoTan,GoNGo Prince (ex),226,7,23.3,70.18,6.5,7,,4,13,22690,5,86,121,130,24,0.93,29,4,409650,6702
321,Nexi,Rex Regum Qeon (ex),225,8,25.52,68.68,5.78,8,,4,22,24826,1,97,131,117,26,1.12,33,4,400950,2097
322,Surf,XERXIA Esports (ex),225,61,22.82,72.21,4.96,61,,7,110,184262,13,584,1032,948,177,1.09,267,28,3241700,21245
323,FREY,Gaimin Gladiators (ex),225,6,22.45,74.15,3.38,6,,2,19,17035,2,53,95,85,16,1.12,27,2,283850,873
324,Rb,DRX,224,91,23.99,69.45,6.55,91,,18,98,256644,38,1076,1438,1253,366,1.15,377,84,4847300,1550
325,Asuna,100 Thieves,224,55,20.46,73.19,6.34,55,,11,60,171511,30,667,889,886,397,1.0,218,80,3091950,15630
329,Zander,Version1 (Inactive) (ex),224,21,26.34,67.59,6.06,21,,11,39,62169,5,265,345,289,172,1.19,83,26,1048850,3798
330,AsLanM4shadoW,BBL Esports,224,26,29.11,63.8,7.08,26,,10,44,82883,7,366,433,421,123,1.03,117,19,1478800,1852
331,hatty,ややーず (ex),224,2,27.19,50.87,21.92,2,,1,2,6629,1,31,33,40,14,0.83,10,1,130850,1244
332,Retla,Bleed Esports (ex),223,10,22.1,70.58,7.3,10,,4,24,30501,5,124,176,138,46,1.28,43,22,552900,954
333,DubsteP,Team Secret,223,27,25.55,67.54,6.89,27,,8,52,80020,11,300,429,388,105,1.11,106,11,1344500,193
334,Xeppaa,Cloud9,223,47,22.21,69.85,7.93,47,,15,72,144136,26,613,767,725,361,1.06,195,56,2714700,13591
335,Smoggy,EDward Gaming,223,3,31.78,63.56,4.65,3,,0,2,9099,1,41,50,47,24,1.06,10,5,154000,4333
336,Halbae,World Game Star (ex),222,5,24.04,70.22,5.72,5,,2,7,16222,1,63,80,59,28,1.36,23,6,223500,2662
337,Suka,Fancy United Esports (ex),222,5,28.05,66.54,5.39,5,,1,23,17433,2,78,91,88,48,1.03,25,14,325800,4855
338,wannafly,Made in Thailand,222,28,22.66,71.04,6.29,28,,17,76,92082,14,371,479,429,132,1.12,128,34,1534000,2957
339,kiNgg,Leviatán,222,71,22.34,69.36,8.29,71,,19,101,216888,26,881,1147,991,423,1.16,288,69,3829200,6414
340,zekken,XSET (ex),222,66,21.74,70.38,7.87,66,,10,113,207839,32,826,1079,993,390,1.09,272,60,3558450,3582
341,Dep,ZETA DIVISION,222,63,26.81,66.83,6.34,63,,17,108,181602,22,756,1018,896,332,1.14,261,69,3327650,1593
342,TenzouEz,DeToNator (ex),222,3,40.6,55.63,3.75,3,,3,8,10660,3,54,56,51,28,1.1,16,6,182000,12250
343,Jamppi,Team Liquid,221,75,25.7,68.96,5.32,75,,28,129,229296,33,767,1271,1167,271,1.09,313,77,4036600,10211
344,RgLMeister,INGAMING Esports (ex),221,9,24.3,70.14,5.54,9,,8,34,29975,5,114,159,131,45,1.21,42,34,481200,4771
345,RgLMeister,Keyd Stars (ex),204,35,22.57,72.53,4.89,29,,17,85,87679,15,323,458,410,223,1.12,115,89,1608050,4771
346,SiuFatBB,Griffin E-Sports,221,16,31.14,65.78,3.07,16,,4,33,48065,8,213,255,236,50,1.08,64,9,822950,2170
347,Maple,ORDER (ex),221,16,18.2,71.7,10.08,16,,6,29,43426,4,148,226,206,110,1.1,54,29,771850,40
348,blurred,NAOS Esports,221,6,15.54,80.91,3.53,6,,1,13,17201,4,44,85,98,28,0.87,19,2,320700,13576
349,tixx,Bonkers(OCE) (ex),221,8,28.1,65.42,6.46,8,,1,19,26085,2,113,140,125,85,1.12,39,14,509000,10239
350,Medusa,REJECT (ex),220,31,26.96,68.39,4.64,31,,12,52,89386,18,401,464,429,150,1.08,114,24,1571700,17422
355,Less,LOUD,220,67,22.99,71.22,5.78,67,,20,96,194625,29,755,1075,846,312,1.27,281,45,3273650,4746
356,bdog,Luminosity Gaming (ex),220,33,23.25,71.55,5.19,33,,11,89,101472,11,327,574,518,119,1.11,149,21,1850450,905
357,Brofeld,Hexad (ex),220,6,28.8,65.84,5.34,6,,2,14,16982,2,70,94,78,14,1.21,21,1,295150,371
358,Brofeld,Jadeite,179,8,27.94,69.7,2.35,8,,5,13,20171,6,95,105,135,39,0.78,28,9,438550,371
359,Zellsis,Sentinels (ex),220,8,24.21,70.6,5.17,8,,3,18,30261,9,131,152,151,84,1.01,37,9,591150,440
360,Zellsis,Version1 (Inactive) (ex),211,21,17.7,69.83,12.45,21,,5,22,59113,15,216,316,297,191,1.06,78,41,1120200,440
361,MaKo,DRX,220,91,25.03,68.41,6.54,91,,38,182,263152,33,1097,1394,1089,811,1.28,342,123,4317250,452
362,Leo,Guild Esports (ex),220,54,22.5,69.44,8.05,54,,18,154,171933,30,648,903,751,392,1.2,221,51,3019500,14872
366,Leo,SYSTEM e-Sports,97,2,35.71,64.28,0.0,2,,0,7,1852,1,10,9,27,2,0.33,1,2,66700,14872
370,DaeGi,Tartarus (ex),219,16,28.67,66.95,4.37,14,,3,24,38106,5,164,202,213,41,0.95,44,1,660200,745
371,Has1ra14,Maru Gaming (ex),219,4,20.19,75.36,4.43,4,,2,5,11174,3,41,62,43,37,1.44,19,10,177050,6738
372,Has1ra14,CNJ Esports,199,18,23.45,71.34,5.19,18,,3,64,49537,10,212,265,264,114,1.0,68,7,974400,6738
373,Kishi,CERBERUS Esports (ex),219,15,28.35,65.83,5.8,15,,4,28,42749,7,171,234,222,55,1.05,60,22,702600,917
374,Hoody,G2 Esports (Inactive) (ex),219,57,26.61,66.26,7.11,57,,13,82,171614,24,733,911,876,415,1.04,237,160,3227900,2594
375,kon4n,TBK Esports (ex),219,38,23.86,69.24,6.88,38,,16,66,120446,29,485,641,588,231,1.09,172,54,2239950,2366
376,Izzy,SuperMassive,218,11,23.71,70.51,5.76,11,,1,26,33859,3,111,185,187,38,0.99,52,3,618450,9640
378,takej,REJECT (ex),218,31,32.28,61.1,6.61,31,,16,54,86712,13,410,475,405,183,1.17,111,32,1520100,2791
379,tuyz,TBK Esports (ex),218,38,25.59,70.1,4.3,38,,6,58,114445,8,422,644,600,137,1.07,167,19,2141550,1506
380,Nozz,Bonkers(OCE) (ex),218,8,15.68,77.69,6.61,8,,1,15,26319,1,83,127,134,56,0.95,33,4,484250,943
381,Fross,SunXet Club,218,11,28.23,63.33,8.43,11,,5,27,32430,4,144,173,175,54,0.99,41,39,600600,3458
382,frz,MIBR,218,17,23.87,72.03,4.09,17,,6,53,53722,7,169,297,235,72,1.26,77,5,895400,1877
383,frz,Sharks Esports (ex),191,9,29.25,67.86,2.87,9,,4,26,24964,3,122,127,127,38,1.0,24,10,464250,1877
384,Zyppan,FunPlus Phoenix (ex),217,95,27.05,66.75,6.19,95,,25,117,290531,41,1187,1510,1439,559,1.05,393,91,5238600,1256
385,Boostio,Evil Geniuses,217,35,26.69,68.36,4.94,35,,6,77,111152,9,394,594,590,138,1.01,158,21,2028700,1023
386,s0m,NRG Esports,217,39,25.53,69.76,4.69,39,,9,58,117654,16,473,635,628,188,1.01,163,35,2233750,165
387,NAOS JA,South Built Esports (ex),217,11,26.26,70.1,3.63,11,,5,25,32477,4,130,180,165,64,1.09,49,7,567600,13562
388,trent,The Guard,217,55,31.23,62.34,6.41,55,,24,123,164211,43,774,876,761,321,1.15,214,68,2805050,11412
389,CTC,Los Grandes (ex),217,19,17.78,76.26,5.95,19,,10,34,54957,8,215,295,284,86,1.04,70,10,1040350,4770
390,Secret,Desperado (ex),217,21,19.94,71.8,8.25,21,,4,44,62656,14,268,311,334,134,0.93,83,38,1127650,25039
393,KILLDREAMST,Sharks Esports (ex),216,9,22.99,71.09,5.9,9,,1,19,27437,3,109,143,138,65,1.04,35,6,484000,4688
394,zennakukinn,BLUE BEES.ESP (ex),216,13,29.04,65.07,5.87,13,,7,23,40461,8,183,200,196,100,1.02,55,23,737750,3966
395,Kiuuuu,Oblivion Force,216,4,27.51,68.12,4.36,4,,0,11,12733,1,63,67,71,11,0.94,14,1,230400,23613
396,Quick,FURIA,216,49,25.33,69.32,5.34,49,,17,59,150044,19,531,825,783,166,1.05,214,32,2653150,2971
398,gMd,TSM (ex),215,10,32.18,61.53,6.27,10,,1,22,33055,2,159,176,162,65,1.09,45,13,602000,2098
399,7ssk7,Natus Vincere (ex),215,35,22.74,70.64,6.61,35,,17,80,108617,11,375,594,538,112,1.1,153,19,1839600,999
400,koalanoob,Ghost Gaming (ex),215,15,29.96,66.6,3.43,15,,2,18,44107,3,157,248,232,41,1.07,70,3,822550,3016
401,ringring,CNJ Esports,214,6,30.86,63.91,5.21,6,,3,7,17388,4,71,93,90,32,1.03,29,3,331500,5737
402,BRNWOWZK1,INGAMING Esports (ex),214,9,22.94,71.32,5.73,9,,1,11,27737,4,92,146,153,29,0.95,38,7,538450,462
403,Mazino,KRÜ Esports (ex),214,73,24.56,68.81,6.62,73,,24,101,210075,31,905,1129,1042,520,1.08,284,168,3962600,4710
404,azys,South Built Esports (ex),214,11,30.32,65.93,3.73,11,,3,8,32805,3,138,179,167,36,1.07,48,2,582600,13563
405,Flynch,Persija Esports (ex),214,16,23.06,70.23,6.7,16,,5,28,50750,4,179,275,283,53,0.97,75,10,871650,3373
406,10X,Brimstone (si),214,7,25.62,67.81,6.56,7,,1,13,20803,2,82,110,106,29,1.04,32,11,366200,2908
407,10X,HolyMolly (ex),196,26,25.97,66.25,7.77,26,,4,28,65261,9,274,351,392,112,0.9,85,40,1318700,2908
408,TENNN,ZETA DIVISION,214,63,24.68,69.22,6.09,63,,13,73,182942,28,773,937,951,332,0.99,226,96,3347150,519
409,neptune,Rise (ex),213,12,22.41,68.0,9.58,12,,3,14,35720,4,145,177,194,78,0.91,44,7,668600,2091
410,Shun,No Namers (ex),213,5,23.47,71.36,5.16,5,,2,24,13867,4,50,76,69,33,1.1,19,6,228100,6616
411,wippie,Version1 (Inactive) (ex),213,21,20.91,74.26,4.81,21,,3,53,63327,9,243,331,291,111,1.14,88,18,1084450,7025
412,yoman,Next eSports (ex),213,4,18.07,76.27,5.64,4,,1,12,10849,3,32,60,59,10,1.02,18,2,193500,22841
413,Victor,OpTic Gaming (ex),213,111,23.32,69.81,6.86,111,,27,123,324824,37,1397,1685,1678,668,1.0,419,106,6060300,3211
414,Sylvan,World Game Star,212,59,28.57,65.79,5.62,59,,26,140,165435,23,757,893,797,366,1.12,235,83,2815750,3522
415,DEATHMAKER,Velocity Gaming,212,6,34.55,63.41,2.03,6,,0,13,18424,2,85,94,100,19,0.94,25,4,322700,342
416,david,PAMPAS (ex),212,11,22.55,73.93,3.51,11,,1,10,31400,3,122,156,181,44,0.86,37,5,568100,5709
417,mada,Luminosity Gaming (ex),212,33,20.86,71.94,7.19,33,,6,37,102361,19,406,519,559,201,0.93,145,21,1943050,1801
418,mada,Shopify Rebellion,184,4,27.04,67.21,5.73,4,,0,5,13337,2,66,63,89,27,0.71,15,2,316200,1801
419,rubkkoide,PAMPAS (ex),212,11,26.63,62.29,11.06,11,,2,20,30756,7,130,162,160,94,1.01,44,19,549550,4601
420,skuba,Knights (ex),212,17,31.79,63.87,4.33,17,,5,53,48482,5,235,257,248,97,1.04,64,27,860500,3831
421,cauanzin,Ninjas in Pyjamas (ex),211,66,21.77,70.27,7.95,66,,24,156,195614,26,764,1010,975,501,1.04,257,122,3609500,16804
422,Saadhak,LOUD,211,67,20.66,68.68,10.65,67,,8,68,184403,24,739,973,913,574,1.07,251,151,3475050,2895
423,fl1pzjder,BOOM Esports (ex),211,45,28.39,65.86,5.73,45,,20,67,132863,23,589,711,670,220,1.06,176,76,2498350,217
424,RND,Los Grandes (ex),211,19,22.25,72.49,5.24,19,,3,26,51295,7,140,302,298,57,1.01,77,11,987800,669
425,SUTHER,9z Team (ex),211,32,19.47,74.83,5.69,32,,10,70,96030,12,349,457,484,182,0.94,116,19,1726050,855
426,feqew,LDN UTD (ex),210,12,24.21,68.6,7.17,12,,0,22,32413,2,108,174,188,38,0.93,41,7,590200,1894
427,feqew,OG LDN UTD (ex),206,21,23.54,70.04,6.41,21,,7,39,62245,9,202,330,358,75,0.92,82,10,1142100,1894
428,Harry,HolyMolly,210,26,28.25,66.93,4.81,26,,14,78,73122,8,317,372,353,97,1.05,95,22,1260050,31679
430,Harry,Brimstone (si),190,7,30.1,65.59,4.3,7,,4,15,19204,2,84,99,95,32,1.04,24,4,353000,31679
432,Dobsha,E-Xolos LAZER (ex),210,7,25.56,70.55,3.88,7,,1,12,20636,3,79,110,104,15,1.06,30,2,388050,1500
433,Will,100 Thieves (ex),210,42,17.93,77.05,5.0,42,,13,68,122206,18,376,662,657,179,1.01,173,11,2313400,2354
434,popogachi,Crazy Raccoon,210,40,24.73,66.83,8.42,40,,12,96,118581,20,449,576,513,309,1.12,147,17,2017400,1231
435,Marved,OpTic Gaming,210,111,29.95,63.44,6.59,111,,50,209,318638,41,1431,1728,1607,780,1.08,431,143,6018150,398
436,Subroza,TSM (ex),209,10,29.23,63.34,7.41,10,,1,30,30829,2,138,162,173,66,0.94,44,9,617050,2479
437,SugarZ3ro,ZETA DIVISION,209,63,28.48,65.36,6.15,63,,36,129,176498,27,815,961,845,456,1.14,235,42,3082500,2232
438,MONSTEERR,Acend (ex),209,24,26.68,68.43,4.87,24,,11,60,70975,8,301,370,346,109,1.07,99,24,1233300,1268
439,Nozwerr,FURIA (ex),209,49,21.27,71.93,6.79,49,,26,141,152179,27,529,778,675,307,1.15,189,114,2628850,2752
440,kellyS,Rex Regum Qeon (ex),209,8,15.06,81.44,3.49,8,,1,7,22355,1,69,113,140,44,0.81,27,2,469900,3042
441,JitboyS,FW Esports (ex),208,5,32.78,65.56,1.65,5,,1,25,14643,2,79,76,76,23,1.0,17,7,242200,13610
442,Teerapong,FW Esports,208,5,23.6,70.0,6.4,5,,1,11,14544,1,59,73,78,30,0.94,21,5,274600,21620
443,Exy,DAMWON Gaming,208,58,35.33,60.47,4.18,58,,18,132,163047,12,811,883,764,283,1.16,217,99,2848150,2240
444,Apinya,FW Esports (ex),208,5,26.43,68.28,5.28,5,,2,8,14412,1,60,71,81,34,0.88,16,1,269950,16124
445,GangPin,Sengoku Gaming (ex),208,7,30.98,65.49,3.52,7,,4,9,16486,2,79,89,82,31,1.09,21,2,306900,15602
446,k1Ng,On Sla2ers (ex),208,55,29.65,66.48,3.86,49,,19,83,130121,24,645,703,577,181,1.22,165,38,2268350,2151
448,EndU,Team GP,208,6,27.69,66.76,5.53,6,,5,15,17786,10,95,83,83,22,1.0,18,7,296900,12284
449,REV1,Pentagon,208,5,17.21,74.72,8.05,5,,0,7,13434,1,47,75,90,14,0.83,15,1,296950,29107
451,noxxy,Alter Ego (si),207,22,23.69,72.23,4.07,22,,7,37,62715,8,227,347,347,83,1.0,93,24,1235950,25260
453,bang,100 Thieves,207,50,36.29,60.27,3.42,50,,20,73,145260,18,784,791,752,368,1.05,200,78,2658100,1012
454,BORKUM,Team Secret,207,27,21.31,69.78,8.9,27,,12,49,74077,7,292,391,369,174,1.06,102,30,1311000,3076
455,Moose,Shopify Rebellion,207,4,28.57,62.94,8.48,4,,4,20,14828,3,64,81,68,30,1.19,16,5,286600,3345
456,Moose,Luminosity Gaming (ex),190,33,24.96,66.97,8.05,33,,13,108,91926,18,403,476,507,180,0.94,109,42,1861800,3345
457,THEE,FULL SENSE,207,11,28.72,68.97,2.3,11,,1,27,31537,1,137,178,161,37,1.11,49,12,592300,2667
458,matheuzin,TBK Esports,207,38,21.65,71.32,7.01,38,,18,110,112231,19,457,598,557,220,1.07,137,45,2050750,2457
459,tex,NRG Esports (ex),207,39,33.71,61.37,4.9,39,,9,67,112403,12,440,607,628,152,0.97,135,15,2088450,1763
460,eeiu,NRG Esports (ex),207,39,26.82,67.04,6.13,39,,19,113,116633,31,455,604,567,257,1.07,150,29,2165100,1597
461,DDcream,Pentagon,207,5,23.6,70.81,5.57,5,,2,20,14666,3,55,75,77,23,0.97,17,9,281300,6599
462,NakJi,Maru Gaming (ex),207,58,22.43,70.52,7.03,58,,14,163,161630,23,631,852,806,268,1.06,210,51,2877450,4229
463,mixwell,G2 Esports (Inactive) (ex),207,52,21.46,72.35,6.18,52,,20,86,150431,19,462,817,804,222,1.02,202,40,2672600,2940
464,NagZ,KRÜ Esports,206,73,22.74,69.28,7.96,73,,31,157,201576,33,648,1116,981,216,1.14,277,35,3483000,2532
465,YESicaN,Fancy United Esports,206,17,28.51,63.7,7.77,17,,6,36,49530,8,231,260,270,105,0.96,58,21,939500,1836
466,Killer0714,DetonatioN Gaming White,206,4,27.32,63.37,9.3,4,,2,3,10246,1,47,54,47,28,1.15,13,5,186000,12244
467,SicK,Sentinels (ex),205,24,22.9,66.07,11.02,24,,9,45,69849,9,295,376,376,151,1.0,98,42,1323000,1614
468,f1cio,Fancy United Esports,205,13,24.06,69.58,6.34,13,,3,21,36142,5,129,206,214,35,0.96,58,7,727200,3691
469,AlKawai,Insomnia (ex),205,3,16.85,70.78,12.35,3,,3,7,7633,1,30,36,42,33,0.86,7,6,132350,15552
470,GodDead,On Sla2ers,204,55,21.56,70.53,7.89,49,,9,68,124047,15,470,653,681,309,0.96,164,120,2467900,2904
471,XXiF,Knights (ex),204,17,22.29,72.22,5.47,17,,3,36,45316,12,179,245,256,118,0.96,59,25,884800,835
472,Wavy,CNJ Esports,204,24,21.09,68.78,10.11,24,,2,41,68155,10,265,351,370,201,0.95,84,52,1344000,22275
474,musashi,BIG (ex),204,12,28.0,66.27,5.71,12,,4,36,33771,2,142,181,183,42,0.99,46,9,621400,1828
475,supamen,FaZe Clan,204,37,32.36,63.32,4.3,37,,20,94,113601,24,556,600,551,288,1.09,154,106,2046250,1994
476,supamen,Rise (ex),178,12,30.21,65.4,4.37,12,,3,33,29536,4,152,150,188,87,0.8,37,23,638000,1994
477,rDeeW,ORDER (ex),204,16,24.21,69.95,5.82,16,,9,49,40172,3,162,224,199,100,1.13,52,15,709800,2271
478,rDeeW,Bonkers(OCE) (ex),194,8,20.27,72.72,6.99,8,,4,22,21056,4,58,127,117,24,1.09,29,2,455500,2271
479,Shao,FunPlus Phoenix (ex),204,95,29.48,65.33,5.17,95,,56,244,277067,57,1224,1451,1257,694,1.15,359,300,4895550,2359
480,XiSTOU,SuperMassive (ex),204,11,27.76,68.61,3.62,11,,3,33,33874,5,176,166,175,50,0.95,44,2,619200,2969
481,adverso,Leviatán (ex),203,71,25.74,68.43,5.82,71,,19,97,201170,39,787,1060,988,459,1.07,264,148,3857400,3531
482,Eeyore,Persija Esports,203,16,24.29,71.46,4.24,16,,2,24,48149,6,189,263,271,62,0.97,68,5,925800,3495
483,Vibhor,Velocity Gaming (ex),203,6,27.0,67.33,5.66,6,,5,11,16999,4,81,92,90,41,1.02,25,9,315500,226
484,skillZ,Global Esports,203,5,25.86,70.27,3.86,5,,1,7,15539,1,67,76,83,28,0.92,19,10,273450,2829
485,SUYGETSU,FunPlus Phoenix (ex),203,85,32.79,61.39,5.8,85,,37,228,245790,29,1163,1327,1163,424,1.14,328,90,4427900,2225
486,Hermes,HolyMolly (ex),203,26,22.52,70.0,7.47,26,,7,55,66898,9,277,360,393,124,0.92,86,13,1355900,15725
487,Hermes,Brimstone (ex),164,7,18.45,75.27,6.27,7,,1,13,15506,2,50,85,104,36,0.82,15,7,349050,15725
488,JessieVash,Team Secret,202,27,27.57,66.38,6.04,27,,9,52,73953,10,292,370,375,176,0.99,88,61,1345050,405
489,Mizu,9z Team,202,37,39.1,56.14,4.75,37,,8,64,97422,9,436,545,552,131,0.99,140,26,1835000,20357
491,Muj,BBL Esports (ex),202,2,26.15,70.76,3.07,2,,2,4,5444,2,17,29,32,10,0.91,6,1,101500,4798
492,Lawrence,GoNGo Prince,202,7,25.73,67.83,6.43,7,,4,9,20904,3,88,107,129,41,0.83,30,10,448950,2753
493,Kongared,Made in Thailand,202,28,25.59,65.45,8.94,28,,5,50,82416,13,346,445,468,171,0.95,105,39,1652950,2071
494,D1E,Meta Gaming (ex),202,10,30.85,65.15,3.98,10,,2,16,26570,6,116,148,164,42,0.9,47,6,538250,1579
495,D1E,Movistar Optix,193,14,22.83,71.96,5.2,14,,3,36,40772,8,158,207,226,64,0.92,52,9,781750,1579
496,foxz,XERXIA Esports (ex),202,61,23.25,68.66,8.08,61,,23,142,173852,25,653,904,894,353,1.01,218,76,3273300,6890
497,fenNy,SunXet Club,202,11,27.11,67.31,5.56,11,,4,24,31026,2,112,170,178,22,0.96,47,3,596750,3719
498,LucasVade,Meta Gaming (ex),202,10,21.81,70.5,7.67,10,,10,36,27634,6,108,145,155,48,0.94,35,9,508550,4629
499,RyZzi,Desperado (ex),201,21,25.1,68.51,6.38,21,,9,34,58692,7,240,305,310,107,0.98,74,20,1079400,227
500,corey,TSM (ex),201,10,29.12,67.71,3.15,10,,6,30,30389,4,120,165,153,28,1.08,42,4,553250,1217
501,Anker,Jadeite (ex),201,12,26.2,67.33,6.45,12,,2,26,32954,3,130,181,177,67,1.02,40,24,608250,147
502,Derrek,Rise (ex),201,12,33.02,60.96,6.0,12,,6,45,34613,6,143,175,170,68,1.03,43,22,614700,269
503,Derrek,100 Thieves,188,42,33.49,61.71,4.78,42,,25,121,114400,36,539,610,601,239,1.01,149,65,2304750,269
504,Sacy,LOUD (ex),201,67,26.86,67.4,5.72,67,,27,156,186538,41,751,961,820,530,1.17,223,154,3369250,2294
505,zeddy,Natus Vincere (ex),201,22,23.3,71.19,5.5,22,,4,39,63496,10,254,334,366,166,0.91,80,41,1301250,491
506,rite2ace,Velocity Gaming (ex),201,6,18.61,75.18,6.2,6,,1,22,17430,2,51,84,92,46,0.91,17,10,321800,1913
507,WIX,Maru Gaming (ex),201,58,29.85,62.02,8.11,58,,23,130,156471,27,673,833,816,307,1.02,203,53,2880750,6719
508,HaReeee,REJECT (ex),201,10,26.04,66.92,7.03,10,,3,11,22787,5,100,139,115,61,1.21,28,20,443500,802
509,rion,Crazy Raccoon,201,14,32.01,65.23,2.75,14,,0,25,38745,1,186,213,206,74,1.03,48,8,744650,815
511,vaiZ,Leviatán (ex),200,35,22.9,68.31,8.78,35,,8,58,93733,12,412,494,466,208,1.06,122,24,1829550,3555
512,Moves,Team T5 (ex),200,22,27.66,66.22,6.11,22,,10,58,60707,7,249,301,326,111,0.92,79,38,1131400,6595
513,Moves,Maru Gaming (ex),185,32,24.13,68.34,7.51,32,,7,56,80395,15,321,427,471,215,0.91,94,50,1610100,6595
514,mazin,FURIA,200,49,27.89,67.88,4.21,49,,15,81,140856,17,602,733,770,278,0.95,179,35,2829350,6039
515,zepher,REJECT (ex),200,31,21.95,72.13,5.91,31,,14,60,79121,12,297,438,425,118,1.03,107,25,1524200,852
516,gaabxx,Sharks Esports (ex),200,9,19.33,70.99,9.66,9,,0,23,25344,1,82,129,146,28,0.88,32,2,428800,2833
517,blaZek1ng,BOOM Esports,200,45,27.95,65.41,6.62,45,,18,120,125390,19,553,656,648,322,1.01,159,54,2387850,1919
518,BerserX,BOOM Esports,200,45,21.3,72.21,6.47,45,,13,56,120982,24,444,669,694,171,0.96,167,11,2389850,3363
519,Torrify,FUSION (ex),200,12,15.51,79.19,5.29,12,,5,20,31720,7,85,168,197,32,0.85,44,8,625750,2471
520,C1nder,SCARZ (ex),200,5,22.87,74.53,2.58,5,,1,16,14360,4,62,72,83,18,0.87,15,10,285300,846
521,NicoMachine,Meta Gaming (ex),200,10,27.38,62.85,9.76,10,,2,25,27137,1,115,140,161,62,0.87,39,5,538500,4618
522,NANZIN,INGAMING Esports (ex),199,9,33.85,58.62,7.52,9,,3,25,27340,1,108,131,146,57,0.9,31,13,514950,242
523,NANZIN,Stars Horizon,150,8,33.64,61.75,4.6,8,,2,30,16126,2,73,80,113,48,0.71,17,13,393150,242
524,Brave,SuperMassive (ex),199,11,31.49,66.05,2.45,11,,2,19,30822,3,154,166,193,41,0.86,43,33,664100,3725
526,shion,Liberty (ex),199,20,22.91,70.29,6.78,20,,3,31,54655,6,223,292,313,124,0.93,64,38,1080250,2927
527,zunba,On Sla2ers (ex),199,55,27.46,66.65,5.88,49,,15,80,120633,16,560,666,590,330,1.13,153,51,2167550,2009
528,Jonn,Ninjas in Pyjamas (ex),199,66,27.16,66.12,6.7,66,,19,82,184284,17,839,966,1044,389,0.93,221,33,3719100,2195
529,diewijAs,PAMPAS (ex),199,11,16.07,77.23,6.69,11,,1,33,29249,2,108,149,168,42,0.89,35,8,580800,3718
530,tehbotol,BOOM Esports (ex),198,45,26.77,67.44,5.78,45,,20,94,125629,20,528,675,667,288,1.01,170,75,2370800,3365
531,seven,TSM (ex),198,10,21.29,74.03,4.66,10,,3,15,29543,3,105,149,175,46,0.85,32,13,577550,4239
532,lenne,Bleed Esports (ex),198,37,20.56,68.17,11.26,37,,19,78,103551,13,345,516,552,276,0.93,115,158,2006650,6625
533,YaBoiDre,Evil Geniuses (ex),198,12,33.25,61.38,5.35,12,,7,45,34657,3,149,183,186,54,0.98,45,7,645650,722
534,Rain,CNJ Esports,198,18,20.89,70.67,8.42,18,,1,19,49719,7,191,247,313,110,0.79,68,13,1040350,225
535,Dcop,FUSION,198,14,19.44,71.25,9.3,14,,6,31,37710,3,140,193,227,78,0.85,46,22,757400,321
536,Texta,ORDER (ex),198,16,27.15,64.23,8.61,16,,9,19,38444,9,186,207,208,105,1.0,53,16,748200,1046
537,SungJin,CNJ Esports (ex),198,6,20.77,70.77,8.45,6,,2,11,15996,5,59,91,88,12,1.03,22,2,241050,18839
538,SungJin,Spear Gaming (ex),164,23,26.04,64.86,9.09,23,,10,68,50524,11,212,271,332,172,0.82,61,41,1153350,18839
539,JonahP,The Guard,197,55,25.93,67.55,6.5,55,,12,100,145468,22,630,773,789,336,0.98,190,68,3014050,1091
540,Witz,Team Secret (ex),197,24,21.62,72.77,5.6,24,,9,44,63264,7,216,342,337,112,1.01,82,23,1215950,9537
541,pyth,Bleed Esports (ex),197,37,28.83,65.6,5.55,37,,13,107,105799,10,498,565,529,190,1.07,133,21,2055550,645
542,bezn1,Ninjas in Pyjamas (ex),197,66,24.31,68.28,7.4,66,,32,109,179688,27,795,981,1012,389,0.97,247,167,3719200,762
543,Luke,World Game Star,197,54,30.6,63.96,5.42,54,,17,119,141890,21,643,749,765,206,0.98,182,49,2673650,23167
544,Ethan,NRG Esports (ex),197,26,22.96,67.26,9.76,26,,12,45,72668,18,308,370,389,204,0.95,89,87,1421200,12070
546,Ethan,100 Thieves (ex),190,13,21.51,72.08,6.4,13,,4,30,35961,3,131,179,197,62,0.91,44,29,643400,12070
548,Johnqt,Ghost Gaming (ex),197,15,23.34,69.12,7.53,15,,4,26,41496,7,155,222,206,92,1.08,57,31,774600,1578
549,Pepper,IGZIST (ex),197,19,18.66,74.23,7.1,19,,4,30,44711,8,176,252,259,63,0.97,52,8,886350,7658
551,hellff,Velocity Gaming,197,6,22.9,73.22,3.87,6,,3,18,16937,3,71,91,100,17,0.91,21,12,345900,2059
552,TS,On Sla2ers (ex),197,55,26.16,69.83,3.99,49,,12,68,123105,26,498,655,576,307,1.14,158,123,2206300,1199
553,disk0,ORDER (ex),197,16,22.63,71.0,6.36,16,,3,28,39325,4,153,218,206,81,1.06,50,14,719250,824
554,AzeL,looking for a name (ex),197,2,21.91,67.12,10.95,2,,0,8,4777,2,16,26,31,12,0.84,5,3,92900,15534
555,Sơn KeKe,Fancy United Esports (ex),196,12,28.1,68.6,3.29,12,,2,23,31914,3,145,160,183,72,0.87,41,15,602000,13645
556,pANcada,LOUD (ex),196,67,34.52,62.7,2.77,67,,30,126,178875,30,872,989,826,476,1.2,233,118,3373100,6037
557,AloNeFillz,Made in Thailand,196,28,19.77,70.57,9.65,28,,7,80,81472,17,295,423,410,181,1.03,102,39,1600700,609
558,flippy,South Built Esports (ex),196,10,27.61,67.16,5.22,10,,2,18,26750,4,111,147,153,56,0.96,36,40,521050,12320
559,mitch,Cloud9 (ex),196,47,18.05,75.83,6.1,47,,16,101,127154,23,441,677,658,243,1.03,165,72,2474050,9304
561,bazz,FAV gaming,196,23,25.72,67.31,6.96,23,,6,44,59002,9,266,312,332,162,0.94,78,22,1141750,3035
562,C0M,Evil Geniuses,196,23,23.51,65.35,11.13,23,,11,81,68571,14,262,342,351,196,0.97,78,54,1353900,2882
563,Kakarot,NAOS Esports,196,6,22.22,65.92,11.85,6,,4,15,15904,2,60,80,90,39,0.89,25,13,281700,8077
564,pr0xy,Spear Gaming (ex),196,30,31.83,64.54,3.61,30,,12,78,78537,9,396,411,459,94,0.9,106,33,1522900,6600
565,Genghsta,Knights (ex),196,17,27.21,67.36,5.41,17,,7,35,48212,12,181,215,247,127,0.87,54,29,867350,2810
566,krain,Liberty,196,20,22.19,71.09,6.7,20,,6,57,57637,14,202,286,294,112,0.97,67,17,1036350,2054
567,Kr1stal,BLUE BEES.ESP (ex),196,13,26.27,66.49,7.23,13,,5,25,34790,6,149,196,188,74,1.04,47,24,698700,1212
568,W1nner,Griffin E-Sports,195,16,26.64,67.07,6.27,16,,5,39,40405,1,174,212,230,91,0.92,53,21,801350,707
569,ryota-,SCARZ (ex),195,5,24.53,71.29,4.16,5,,3,17,14523,4,53,73,72,39,1.01,18,9,271300,2884
570,d3ffo,Gambit Esports (ex),195,5,18.51,72.59,8.88,5,,1,5,15030,3,50,79,83,23,0.95,20,1,335150,3135
571,d3ffo,M3 Champions (ex),181,34,23.28,71.5,5.21,34,,7,53,87302,12,326,444,522,161,0.85,105,30,1929550,3135
572,Shyy,Leviatán,195,36,27.32,65.77,6.89,36,,14,64,98650,13,440,549,515,314,1.07,129,39,2029050,21588
573,Xandrite,NORTHEPTION (ex),194,14,17.49,75.84,6.65,14,,6,31,36237,9,155,181,199,78,0.91,40,10,729400,3968
574,Rabbet,Rex Regum Qeon,194,7,30.07,62.4,7.51,7,,2,13,17183,3,80,93,103,43,0.9,26,18,363000,24
575,soulcas,Team Liquid,194,75,28.03,65.58,6.37,75,,24,168,214808,33,911,1097,1110,519,0.99,246,87,4192150,2056
576,Kanpeki,Sentinels (ex),194,11,22.54,57.41,20.03,11,,2,22,31336,3,117,154,190,78,0.81,35,27,633550,1249
577,vanity,Cloud9,194,47,14.31,73.5,12.18,47,,19,130,119058,23,389,663,672,385,0.99,158,141,2545400,4639
579,maxie,Bleed Esports (ex),193,37,27.96,66.17,5.85,37,,20,74,101013,13,439,529,545,279,0.97,129,30,2037750,7877
580,Shiro,Onic Esports (ex),193,38,24.0,70.53,5.45,38,,20,116,109730,25,374,554,525,259,1.06,135,79,2027000,13549
584,SyouTa,Crest Gaming ZST (ex),193,9,24.22,66.03,9.73,9,,3,17,24639,1,102,122,151,64,0.81,28,30,528500,12262
585,Meddo,G2 Esports (Inactive) (ex),193,57,25.17,70.01,4.81,57,,21,149,159080,18,737,859,793,256,1.08,202,63,2917400,2377
586,Khalil,FURIA,193,49,24.75,69.6,5.64,49,,24,136,140181,21,553,734,711,309,1.03,182,109,2700550,26281
588,v1xen,Keyd Stars (ex),193,25,22.66,71.82,5.51,25,,8,58,68869,9,255,357,366,210,0.98,90,67,1309200,2901
589,v1xen,Ninjas in Pyjamas (ex),167,32,26.0,68.49,5.49,24,,13,78,52890,10,232,280,328,170,0.85,57,59,1189900,2901
590,prozin,Sharks Esports,192,9,29.91,57.41,12.66,9,,1,9,24450,3,111,128,150,70,0.85,27,17,494800,1971
591,Fung3,Griffin E-Sports,192,16,31.01,63.84,5.14,16,,13,26,41623,4,187,223,228,40,0.98,56,12,760750,796
592,HANLING,9z Team (ex),192,32,28.12,63.82,8.04,32,,6,72,83333,6,353,438,479,181,0.91,110,30,1653950,3510
593,murizzz,Keyd Stars (ex),192,60,22.93,71.68,5.37,60,,11,76,165917,24,623,872,958,360,0.91,204,48,3378800,277
594,ryotzz,TBK Esports,192,38,13.58,76.03,10.38,38,,12,74,106402,15,306,527,568,360,0.93,120,79,2133450,5580
595,Boo,LDN UTD (ex),192,12,29.01,60.69,10.28,12,,10,31,30563,5,141,163,159,73,1.03,44,19,583050,27653
598,Boo,OG LDN UTD (ex),182,21,28.54,65.68,5.77,21,,10,50,57339,12,262,295,332,150,0.89,68,57,1178400,27653
601,iRdy,World Game Star,192,59,26.96,68.15,4.88,59,,21,114,151268,29,652,792,773,345,1.02,200,134,2780900,293
602,GOLD,Desperado (ex),192,21,32.99,63.97,3.03,15,,5,56,38012,4,196,207,223,92,0.93,48,26,793950,18866
603,deigara,9z Team,191,39,31.85,62.17,5.96,39,,13,69,101854,13,497,523,578,242,0.9,138,47,1970150,9905
604,Esperanza,DAMWON Gaming,191,58,34.11,61.17,4.71,58,,13,100,150637,29,745,797,815,354,0.98,189,102,3017650,2368
605,Nivera,Team Liquid (ex),191,75,29.33,64.38,6.28,75,,34,154,204925,17,836,1116,1082,335,1.03,275,90,4015250,17788
606,sushiboys,XERXIA Esports (ex),191,61,22.04,72.02,5.92,61,,19,116,167114,13,703,850,908,272,0.94,205,55,3229350,671
607,aproto,Ghost Gaming (ex),191,15,39.77,55.83,4.39,15,,9,36,38971,6,208,224,216,101,1.04,49,11,792950,3074
608,Xdll,BLUE BEES.ESP (ex),191,13,23.31,71.42,5.25,13,,6,18,34054,7,142,185,196,104,0.94,45,39,712250,23136
609,Derialy,NORTHEPTION,191,26,25.03,70.89,4.06,26,,7,43,68877,7,314,356,388,114,0.92,88,60,1399100,2272
610,Derialy,FENNEL (ex),179,7,28.85,64.76,6.37,7,,2,17,18332,10,86,89,96,31,0.93,20,9,347650,2272
611,xnfri,NORTHEPTION (ex),191,40,26.38,66.94,6.67,40,,14,103,106532,17,443,551,538,224,1.02,134,18,1920700,652
612,iNTRO,DAMWON Gaming (ex),191,30,32.98,64.94,2.06,8,,2,8,20383,2,96,113,109,31,1.04,29,4,390650,1406
613,FifTy,DeToNator,191,3,22.06,72.41,5.51,3,,1,10,8237,2,32,48,50,10,0.96,8,2,173750,1422
614,ANDROID,NRG Esports (ex),191,13,24.75,68.89,6.35,13,,5,21,35355,5,152,181,194,73,0.93,47,18,686350,493
615,Purp0,Acend (si),191,3,33.62,53.98,12.38,3,,1,9,7948,1,38,41,48,18,0.85,9,4,152150,509
616,d4v41,Paper Rex,191,61,25.46,67.84,6.69,61,,20,135,160873,24,635,864,821,398,1.05,202,161,2930700,8388
617,aimDLL,BBL Esports,191,26,28.8,63.0,8.19,26,,12,65,71960,16,341,359,393,166,0.91,89,53,1392800,3152
618,Zest,DRX,191,91,30.31,62.15,7.52,91,,29,114,229190,24,1059,1238,1141,586,1.09,297,117,4525900,814
619,M4sh,EVA:e (ex),191,3,16.98,75.47,7.54,3,,0,6,9200,3,27,43,44,22,0.98,9,8,168750,2764
620,baddyG,FunPlus Phoenix (ex),190,16,24.52,69.09,6.38,16,,5,26,42743,7,192,227,219,106,1.04,61,46,816850,7705
621,kvzx,NAOS Esports,190,6,27.44,68.37,4.18,6,,2,19,15878,2,59,75,89,45,0.84,20,4,288100,1126
622,Starxo,Acend,190,37,21.98,70.49,7.51,37,,7,69,93657,13,398,522,546,180,0.96,129,38,2017200,691
623,ChAlalala,FULL SENSE (ex),190,11,22.83,73.03,4.13,11,,5,16,28534,4,116,169,148,81,1.14,42,20,559800,676
624,ShahZaM,Sentinels (ex),190,38,23.99,68.77,7.22,38,,14,135,112232,29,405,549,592,247,0.93,131,19,2225750,893
625,stax,DRX,190,91,35.12,57.84,7.03,91,,48,167,230293,33,1184,1286,1128,637,1.14,309,389,4513300,582
626,Minimise,Bonkers(OCE) (ex),190,8,20.37,74.94,4.68,8,,2,14,22036,5,87,121,131,49,0.92,29,21,495000,812
627,crashies,OpTic Gaming (ex),190,111,24.67,65.99,9.33,111,,45,222,294225,51,1171,1552,1520,791,1.02,364,230,5831100,2483
628,shura,Focus e-Sports,190,2,28.78,69.69,1.51,2,,2,5,4388,2,19,22,30,8,0.73,6,6,86700,23153
629,zeek,Acend (ex),190,28,19.3,70.57,10.12,28,,5,42,71475,7,265,381,436,207,0.87,97,45,1510750,6139
632,Sushi,EBRO Gaming (ex),189,11,23.02,73.02,3.95,11,,3,35,27335,8,128,149,162,38,0.92,36,9,542550,19591
636,Zerost,Sengoku Gaming,189,4,23.07,70.51,6.41,4,,1,14,9587,1,36,50,63,15,0.79,10,3,207050,2978
637,Jady,Natus Vincere (ex),189,13,28.26,59.21,12.52,13,,3,25,36611,2,158,195,215,107,0.91,50,16,748600,2154
638,Jady,M3 Champions,168,12,31.39,65.81,2.79,12,,3,21,29395,5,135,156,182,82,0.86,35,57,707450,2154
639,Fuzari,Gamelanders Blue (ex),189,24,22.51,71.71,5.77,24,,8,46,62663,8,269,357,376,102,0.95,86,34,1363100,739
640,SSeeS,DetonatioN Gaming White (ex),189,3,32.0,64.0,4.0,3,,4,6,7110,1,32,38,31,17,1.23,10,18,133600,23142
641,neth,Crazy Raccoon,189,40,24.52,67.33,8.14,40,,11,68,101655,24,467,547,520,249,1.05,138,102,2027400,2388
642,DeNaro,MIBR (ex),189,17,28.05,66.66,5.27,17,,7,43,46147,15,202,254,252,131,1.01,66,25,941550,211
643,rez1v,Storks Phalanx,189,4,25.77,65.46,8.76,4,,0,12,12289,1,50,60,62,35,0.97,14,5,245100,2445
644,Jeong Hi,Maru Gaming (ex),188,32,21.44,69.26,9.28,32,,18,84,79437,25,314,440,434,226,1.01,103,75,1592550,2762
645,Jeong Hi,DAMWON Gaming (ex),172,27,22.26,70.24,7.48,27,,11,52,64693,19,259,325,356,187,0.91,66,50,1348700,2762
646,eKo,Reignite (ex),188,10,25.0,71.09,3.9,10,,3,27,25045,4,96,119,148,72,0.8,28,12,457000,443
647,LAMMYSNAX,FULL SENSE (ex),188,11,26.43,69.19,4.36,11,,1,38,30588,8,115,154,142,69,1.08,30,13,581950,2122
648,braveaf,FNATIC (ex),188,20,29.52,64.19,6.27,20,,9,52,54159,10,207,278,287,134,0.97,68,16,1099700,2290
649,JoXJo,NORTHEPTION (ex),188,40,25.23,66.18,8.58,40,,16,69,101564,21,438,540,545,301,0.99,137,116,1973850,3060
650,Mistic,FNATIC (ex),188,69,28.15,66.04,5.8,69,,27,136,181157,41,854,991,979,525,1.01,243,200,3793800,76
651,prince,Los Grandes (ex),188,19,26.89,68.43,4.67,19,,6,62,49360,5,213,256,277,101,0.92,59,20,996400,6231
652,TORANECO,Hexad (ex),188,6,22.65,70.87,6.47,6,,1,15,16086,1,70,74,87,25,0.85,19,12,298650,2792
653,TORANECO,BLUE BEES.ESP (ex),186,6,24.69,68.37,6.92,6,,1,24,16625,2,82,83,102,58,0.81,15,17,349350,2792
654,neT,The Guard,188,55,30.29,65.76,3.93,55,,16,108,143154,30,685,753,798,204,0.94,168,42,2916400,4141
655,jEEE,NAOS Esports,188,6,26.08,70.75,3.16,6,,5,13,15020,2,66,80,92,26,0.87,21,6,290900,19757
656,Felix,Brimstone (si),188,7,19.75,72.94,7.29,7,,3,18,19786,3,65,92,101,61,0.91,22,18,372850,3186
658,Felix,HolyMolly (ex),160,26,21.19,72.91,5.88,26,,4,57,55134,7,198,278,354,192,0.79,57,62,1260500,3186
660,tinggg2k5,CERBERUS Esports,187,7,21.52,75.49,2.98,7,,3,14,17769,3,65,90,109,15,0.83,21,1,352750,4844
661,Ijin,Storks Phalanx (ex),187,4,18.09,74.28,7.61,4,,0,6,12136,2,38,60,67,17,0.9,14,3,255700,2897
662,dapr,Sentinels (ex),187,38,18.93,74.1,6.96,38,,15,81,104369,17,400,544,630,227,0.86,133,65,2248650,724
663,Eliza,GoNGo Prince (ex),187,7,24.84,68.71,6.44,7,,2,25,19820,2,81,104,114,44,0.91,20,25,401800,1823
664,kurozooted,Reignite,186,10,21.59,70.81,7.58,10,,0,25,24951,2,111,124,140,47,0.89,31,18,505700,9555
665,SEVERiNE,Onic Esports (ex),186,38,18.26,71.66,10.06,38,,9,74,100953,18,352,528,585,312,0.9,119,25,2150750,3380
666,vickt0r,Movistar Optix,186,27,25.27,66.51,8.21,27,,9,56,69727,8,277,367,437,162,0.84,92,32,1539500,3409
667,HellFull,FUSION (ex),186,4,20.25,70.88,8.86,4,,2,17,7893,1,32,48,59,5,0.81,9,3,176000,2609
668,BcJ,XSET (ex),186,66,18.75,69.99,11.25,66,,21,126,175994,40,633,877,909,475,0.96,216,195,3385000,3346
669,Benecia,CNJ Esports,186,24,21.25,71.25,7.49,24,,16,65,60218,12,258,333,339,162,0.98,80,65,1253000,6692
670,gtnziN,MIBR (ex),185,17,24.39,68.09,7.5,17,,4,27,45379,6,182,240,264,138,0.91,57,21,993900,3105
671,MAGNUM,FNATIC (ex),185,24,21.9,71.51,6.57,24,,13,43,61154,12,283,315,356,127,0.88,76,31,1296200,154
672,SamuraiDeeper,Crest Gaming ZST (ex),185,9,24.41,69.41,6.17,9,,3,23,23073,6,83,115,147,64,0.78,25,14,506600,3020
673,SamuraiDeeper,REJECT (si),185,1,40.54,54.05,5.4,1,,2,1,2657,1,15,16,14,4,1.14,3,5,44800,3020
674,Vici,Sengoku Gaming,185,4,29.92,63.77,6.29,4,,3,12,9254,3,38,50,55,10,0.91,13,4,184150,25177
675,b3ta,Made in Thailand,185,11,25.09,70.78,4.11,11,,9,25,31147,6,128,170,177,128,0.96,41,38,676400,2582
676,mindfreak,Paper Rex,185,61,29.64,64.88,5.47,61,,35,137,151770,21,693,857,791,392,1.08,202,58,3001350,8385
677,Apoth,Evil Geniuses,184,23,30.09,63.36,6.53,23,,10,63,62388,3,304,339,370,183,0.92,80,29,1366850,3842
678,Envy,FENNEL (ex),184,7,27.62,66.06,6.3,7,,5,8,18386,3,92,89,96,30,0.93,24,2,351100,6032
681,YRSelect,Griffin E-Sports (si),184,16,25.83,69.85,4.3,16,,2,27,39420,3,162,204,231,86,0.88,49,9,780600,3419
682,pleets,Los Grandes,184,19,15.9,72.76,11.33,19,,8,40,45779,6,160,242,276,144,0.88,55,62,959550,2103
683,Xiaonuo,DeToNator,184,3,33.33,61.36,5.3,3,,2,11,8545,2,44,48,53,20,0.91,10,4,190450,15603
684,BandiCoot,E-Xolos LAZER,184,16,21.48,72.54,5.96,16,,9,33,41173,6,162,215,253,129,0.85,50,29,891300,3252
685,TENSAI,FENNEL (ex),184,7,19.46,71.97,8.55,7,,2,16,16942,2,66,91,100,44,0.91,19,24,373950,391
686,L1NK,Acend (ex),184,6,29.91,64.1,5.98,6,,1,16,15136,1,70,82,92,48,0.89,18,23,307550,1403
687,L1NK,Team Liquid (ex),169,38,32.35,62.23,5.4,38,,17,103,91229,22,443,492,517,244,0.95,115,105,1958900,1403
688,skrawl,Bonkers(OCE) (ex),184,8,26.77,67.79,5.42,8,,4,18,21704,2,79,108,116,60,0.93,24,19,435050,2207
689,Flax,Hexad (ex),184,6,34.06,59.34,6.59,6,,1,16,14969,6,62,73,81,31,0.9,19,14,303250,1781
690,Boaster,FNATIC,183,69,18.89,69.01,12.09,69,,21,124,175488,29,650,894,1011,581,0.88,217,106,3642450,2011
691,chase,Gamelanders Blue (ex),183,24,25.02,66.6,8.37,24,,6,38,64630,6,266,317,401,166,0.79,69,12,1393200,3086
693,adrnking,Alter Ego,183,22,28.19,64.62,7.18,22,,8,32,57129,13,267,306,329,161,0.93,76,15,1208350,956
694,MerRy,Storks Phalanx (ex),183,4,18.09,76.88,5.02,4,,2,12,11695,1,36,61,60,21,1.02,15,20,220550,2734
695,Tio,Movistar Optix,183,27,19.76,71.14,9.08,27,,19,92,65737,8,222,366,375,177,0.98,87,106,1315750,3411
696,Melser,Leviatán (ex),183,71,26.66,67.17,6.15,71,,20,144,179370,27,814,977,913,515,1.07,234,153,3658900,3421
697,Puleule,9z Team,182,39,25.18,68.17,6.64,39,,16,115,98094,14,413,503,534,239,0.94,102,95,1906700,1376
698,LEXY,Bleed Esports (ex),182,27,16.89,73.98,9.11,24,,6,17,60035,5,125,181,186,75,0.97,83,18,708650,2639
762,bnj,9z Team (si),182,7,18.93,73.07,7.98,7,,2,13,17925,4,64,86,109,40,0.79,18,15,386550,3408
763,bnj,Ninjas in Pyjamas (ex),166,34,26.81,67.85,5.33,34,,22,79,78304,16,332,416,480,228,0.87,93,70,1738350,3408
764,Delz1k,KRÜ Esports (ex),182,73,25.33,68.89,5.77,73,,27,125,178013,19,799,958,996,514,0.96,208,105,3687100,3535
765,gustt1nha,Los Grandes (ex),182,19,21.38,67.7,10.91,19,,8,41,47993,7,192,232,276,160,0.84,52,26,969200,2420
766,akashi,CERBERUS Esports (ex),182,15,21.34,71.26,7.38,15,,9,36,36744,6,133,182,223,98,0.82,40,42,751450,12
767,vow,Team T5 (ex),182,22,28.49,66.96,4.54,22,,10,58,54960,6,251,284,322,69,0.88,64,23,1083100,3883
769,mnz,IXA,182,5,21.8,74.4,3.79,5,,1,15,12775,5,46,62,67,27,0.93,15,15,243950,9531
771,gio,Movistar Optix,182,27,25.55,66.51,7.92,27,,4,74,67503,7,274,364,441,185,0.83,78,13,1502450,14762
772,micr0,South Built Esports (ex),182,4,21.05,73.68,5.26,4,,2,12,9888,1,40,53,59,27,0.9,12,6,211300,16892
773,Xander,FUSION,181,14,20.24,72.74,7.01,14,,6,19,34254,5,101,183,221,43,0.83,46,6,743500,15357
776,glym,Liberty (ex),181,9,20.92,71.75,7.32,9,,6,14,23842,5,100,123,132,61,0.93,28,20,463750,937
777,invy,Oasis Gaming (ex),181,4,34.53,58.99,6.47,4,,2,12,8940,2,48,48,62,12,0.77,13,6,194150,8988
778,KuuKai,Crest Gaming ZST (ex),181,7,32.01,64.02,3.95,7,,1,12,19550,4,89,97,126,35,0.77,22,6,433750,146
779,LOB,FAV gaming,181,23,30.89,65.38,3.71,23,,11,58,56594,26,266,307,289,113,1.06,73,86,1131700,8883
780,arm1e,EVA:e (ex),181,3,35.84,59.43,4.71,3,,1,3,8040,2,38,47,54,10,0.87,13,5,187550,2055
781,Anguuuuu,Storks Phalanx (ex),181,4,18.6,71.16,10.23,4,,2,7,11894,1,40,59,61,23,0.97,15,10,236400,2198
782,poised,Rise (ex),181,12,22.18,72.5,5.3,12,,5,22,30662,5,138,160,190,63,0.84,41,17,640900,1990
783,poised,FaZe Clan,165,37,20.6,71.03,8.36,37,,11,69,91247,16,377,475,585,289,0.81,103,89,2167650,1990
784,TiGG,Luminosity Gaming (ex),181,33,22.89,71.24,5.86,33,,13,74,87071,14,367,446,542,262,0.82,98,55,1882100,1522
785,TiGG,Shopify Rebellion (ex),165,4,28.35,67.52,4.12,4,,1,8,11978,4,55,57,79,43,0.72,11,5,298650,1522
786,dephh,XSET (ex),180,66,25.37,66.46,8.16,66,,13,135,167225,24,702,889,972,415,0.91,210,77,3620200,494
787,ParkJJong,Team GP (ex),180,6,29.95,67.28,2.76,6,,1,14,14280,3,65,72,91,29,0.79,21,8,270400,679
788,ParkJJong,Tartarus (ex),172,16,31.39,64.34,4.26,14,,9,40,29105,8,140,149,198,77,0.75,35,30,640250,679
789,wyz,FUSION,180,14,25.61,62.19,12.19,14,,4,42,33364,3,145,173,222,73,0.78,33,14,745100,5350
790,effys,Version1 (Inactive) (ex),180,21,19.63,72.57,7.79,21,,8,49,51877,6,184,277,290,137,0.96,65,95,1079300,3056
791,BP,Veronica7,180,5,31.6,60.34,8.04,5,,0,14,11646,1,55,62,74,27,0.84,10,12,244550,15727
792,PTC,FULL SENSE (ex),180,11,18.27,74.37,7.34,11,,5,10,28803,7,102,145,163,94,0.89,35,31,636350,531
793,AslaN,BIG (ex),180,25,28.78,64.01,7.19,25,,5,42,62597,4,264,330,388,128,0.85,75,21,1296600,2326
794,bmVz,Fancy United Esports (ex),180,12,32.27,61.59,6.13,12,,5,39,29243,5,142,154,171,70,0.9,37,17,572700,13767
795,YaBoiLewis,FOKUS,180,12,31.74,60.04,8.2,12,,1,18,30694,2,147,161,215,64,0.75,35,2,711700,7669
796,Hyzee,Fancy United Esports (ex),180,17,27.92,66.36,5.7,17,,7,44,42996,9,186,222,276,116,0.8,52,30,966750,2556
797,BlackWiz,NORTHEPTION,179,40,27.73,66.4,5.86,40,,9,87,94976,7,421,538,577,238,0.93,123,69,2032400,8882
798,stellar,100 Thieves,179,42,21.2,70.79,8.0,42,,18,122,106308,17,432,561,605,286,0.93,138,86,2247100,122
799,Tempz,No Namers (ex),179,5,22.05,68.62,9.31,5,,1,12,11394,1,45,60,81,30,0.74,12,6,253000,17060
800,Shuzz,SCARZ (ex),179,5,22.47,66.97,10.55,5,,0,8,13241,6,49,69,85,34,0.81,22,8,288400,3128
801,xeta,Cloud9 (ex),179,30,20.24,69.63,10.12,28,,16,56,70370,18,232,369,361,159,1.02,86,48,1383850,1961
802,Alex,Next eSports (ex),179,4,12.44,76.88,10.66,4,,0,10,9775,2,28,47,67,18,0.7,10,2,212700,11824
805,moco,TRIDENT (ex),179,2,18.51,75.3,6.17,2,,0,9,4233,1,15,19,33,13,0.58,4,6,92900,23100
806,dazzLe,Luminosity Gaming (ex),179,33,20.25,70.01,9.72,33,,12,74,87250,14,306,421,528,229,0.8,101,81,1883750,2489
807,dazzLe,Shopify Rebellion,171,4,18.61,73.59,7.79,4,,0,10,12612,2,43,57,80,28,0.71,11,21,305500,2489
808,Enzo,FNATIC (ex),179,49,24.97,67.35,7.66,49,,22,143,126945,29,505,660,635,392,1.04,156,86,2506100,718
810,flyuh,FaZe Clan (ex),179,35,27.24,66.61,6.13,35,,9,87,96454,20,386,491,547,230,0.9,123,74,2111150,1689
811,Benkai,Paper Rex,179,61,24.61,69.91,5.47,61,,36,151,150005,23,652,809,802,400,1.01,195,144,3011600,8387
812,Swee,IXA,179,5,25.65,70.15,4.18,5,,0,7,12653,1,49,64,79,15,0.81,16,2,260250,9527
813,Pro,South Built Esports (ex),177,9,23.77,70.49,5.73,9,,4,23,23984,3,87,111,134,49,0.83,25,19,480350,13564
814,Lok1,CERBERUS Esports (ex),177,15,23.03,73.36,3.59,15,,10,46,36113,8,141,177,218,84,0.81,37,4,731350,13639
815,CHICHOO,EDward Gaming,177,5,28.28,65.15,6.56,5,,4,18,13075,2,56,64,66,37,0.97,13,12,247400,14484
816,crws,XERXIA Esports (ex),177,61,22.8,66.62,10.56,61,,20,77,149682,16,611,790,928,427,0.85,171,258,3347750,3642
817,vakk,Acend,177,24,26.04,69.06,4.89,24,,5,48,60134,6,261,310,363,126,0.85,69,64,1303400,87
818,Wild0reoo,Oasis Gaming,177,4,29.83,62.09,8.06,4,,1,11,8018,1,37,47,67,14,0.7,10,4,182350,8083
819,Hiko,100 Thieves (ex),177,13,27.92,67.35,4.72,13,,4,48,33489,8,136,165,184,93,0.9,37,9,670700,355
820,Den2,Spear Gaming (ex),177,7,29.31,62.5,8.18,7,,3,22,15920,1,68,83,97,37,0.86,22,12,318100,15736
821,Astell,Crazy Raccoon,177,40,23.19,70.14,6.65,40,,14,87,94026,26,411,503,501,253,1.0,119,92,1901350,8025
822,leonzhett,PAMPAS (ex),177,11,23.05,69.66,7.28,11,,3,30,25802,3,95,134,164,58,0.82,31,14,536700,32
823,Nyang,Gamelanders Blue,177,24,25.39,68.22,6.37,24,,9,78,61732,6,271,319,352,153,0.91,72,79,1293250,1427
824,Holbreak,EBRO Gaming (ex),177,11,25.82,69.97,4.19,11,,1,22,25861,5,117,136,165,66,0.82,35,22,573950,4061
825,flainzz,INGAMING Esports (ex),177,9,25.17,69.35,5.46,9,,4,16,22875,4,106,124,141,37,0.88,31,16,497900,177
826,flainzz,Stars Horizon,167,8,26.82,66.55,6.62,8,,4,21,17500,3,81,88,110,44,0.8,20,2,383400,177
827,STYRON,Gaimin Gladiators (ex),176,6,21.7,71.91,6.38,6,,3,12,14102,1,51,70,84,37,0.83,17,10,277900,13634
828,pdr,INGAMING Esports (ex),176,9,32.65,62.42,4.91,9,,1,15,23700,1,113,122,155,53,0.79,30,8,553300,9801
829,pdr,Stars Horizon (ex),141,8,25.0,72.05,2.94,8,,0,16,15360,1,51,75,123,26,0.61,13,2,415300,9801
830,zombs,Sentinels (ex),176,19,22.23,73.02,4.74,19,,3,45,46546,4,197,233,301,146,0.77,51,42,1025150,1485
831,Duno,Natus Vincere (ex),176,35,22.16,68.85,8.98,35,,18,93,90515,20,375,466,519,310,0.9,105,77,1977000,3003
832,Pooky,CNJ Esports (ex),175,6,25.64,69.23,5.12,6,,1,15,14654,3,70,79,86,15,0.92,20,3,303550,18838
833,vong,FOKUS (ex),175,12,26.18,71.03,2.78,12,,5,26,30298,7,122,158,193,75,0.82,37,22,688300,4227
834,SylFy,Jadeite (ex),175,12,22.3,70.44,7.24,12,,7,48,29008,7,120,146,174,93,0.84,37,11,604750,1917
835,rochet,SunXet Club (ex),175,11,20.88,72.66,6.44,11,,3,35,27871,1,94,137,189,50,0.72,35,7,652400,3504
836,Dreamas,LDN UTD (ex),175,12,22.27,71.15,6.56,12,,3,32,26964,1,129,149,171,40,0.87,35,10,603750,2571
837,Dreamas,Team Liquid (ex),156,11,24.15,71.1,4.74,11,,8,17,25521,12,107,134,161,57,0.83,27,47,628900,2571
838,Phantom,FAV gaming,175,23,18.42,75.15,6.41,23,,10,48,55492,8,204,280,313,110,0.89,69,35,1078500,9576
840,nephh,Gaimin Gladiators (ex),175,6,24.29,64.77,10.93,6,,1,10,13936,1,60,70,89,36,0.79,18,4,300650,19663
841,Turko,BBL Esports,175,24,30.57,67.04,2.37,24,,8,51,58887,13,270,317,334,146,0.95,71,44,1242550,2864
842,gob b,BIG (ex),175,13,23.56,64.54,11.88,13,,13,40,33030,8,111,173,194,79,0.89,43,31,687550,3142
843,alyaL,CERBERUS Esports (ex),175,7,33.33,61.9,4.76,7,,0,15,17003,1,77,85,109,35,0.78,20,7,341950,13794
844,Eugene,DAMWON Gaming,175,5,28.43,65.4,6.16,5,,3,6,12765,3,60,64,82,27,0.78,16,14,278850,4812
845,Klaus,KRÜ Esports,175,73,21.09,72.95,5.94,73,,30,154,171261,22,663,930,981,448,0.95,214,142,3706450,4712
846,NcSlasher,Onic Esports (ex),174,38,24.54,70.44,5.01,38,,11,64,94613,18,416,505,577,313,0.88,125,141,2191100,3496
847,ExiA,Spear Gaming,174,23,29.33,65.32,5.34,23,,13,42,54160,8,247,285,342,148,0.83,66,25,1211350,18840
848,Addicted,Sharks Esports (ex),174,9,27.21,68.19,4.59,9,,1,27,22770,5,83,112,129,61,0.87,24,21,442500,1049
849,mNdS,MIBR (ex),174,17,26.41,69.29,4.28,17,,6,41,44166,8,191,223,258,151,0.86,44,49,980000,4577
850,hazed,NRG Esports (ex),174,39,28.22,65.7,6.06,39,,11,104,97685,15,442,504,587,252,0.86,113,82,2033850,1232
851,artn,Gaimin Gladiators (ex),174,6,15.38,78.32,6.29,6,,2,18,12465,1,44,73,80,48,0.91,18,15,280350,2755
852,Haodong,EDward Gaming,174,5,32.96,59.89,7.14,5,,1,10,12459,2,60,65,77,23,0.84,14,6,264400,4070
853,pouoxo,TRIDENT (ex),173,2,37.25,60.78,1.96,2,,1,6,3459,1,19,22,30,11,0.73,5,6,94750,23102
854,Ran,SETOUCHI ENLIFE (ex),173,2,13.58,85.18,1.23,2,,0,7,3885,2,11,18,27,7,0.67,5,1,77700,8884
855,Kaminari,Hexad (ex),173,6,26.48,64.84,8.67,6,,1,10,12960,3,58,71,91,30,0.78,15,12,336200,1967
856,AYRIN,XSET (ex),173,66,18.38,73.52,8.09,66,,23,134,158458,33,609,836,943,447,0.89,187,101,3440000,3062
857,Amaterasu,Velocity Gaming,173,6,28.51,60.0,11.48,6,,1,6,14689,2,67,75,97,55,0.77,17,7,338550,927
858,AvovA,G2 Esports (Inactive) (ex),172,57,28.62,64.35,7.01,57,,29,123,139109,41,653,731,807,416,0.91,165,73,2885450,2769
859,pollo,Team Vikings (ex),172,9,22.4,66.55,11.03,9,,3,14,18139,2,67,91,144,29,0.63,18,3,396100,2894
860,koldamenta,Guild Esports,172,54,21.72,70.35,7.92,54,,23,101,130352,18,521,700,784,445,0.89,158,112,3014900,2321
861,iluri,FOKUS (ex),172,12,35.38,61.17,3.43,12,,4,35,30755,6,144,154,189,73,0.81,36,37,660450,3150
862,asteriskk,Persija Esports,172,16,16.64,76.67,6.68,16,,13,42,39925,9,132,202,247,169,0.82,44,79,857200,2421
863,curry,Cloud9 (ex),172,17,24.33,67.19,8.46,17,,4,29,40677,8,184,207,239,160,0.87,44,25,846650,3773
864,dimasick,Team Liquid,172,26,34.32,60.8,4.87,26,,7,56,65575,8,324,354,388,175,0.91,79,63,1476600,750
865,Destrian,OG LDN UTD (ex),172,21,24.65,67.38,7.96,21,,13,52,54829,17,229,270,322,162,0.84,62,34,1177900,426
866,Destrian,LDN UTD (ex),170,12,26.93,64.22,8.83,12,,4,20,27908,2,125,138,172,68,0.8,39,27,588350,426
867,Rainy,Griffin E-Sports,171,16,22.72,69.92,7.36,16,,8,37,37201,5,142,184,221,122,0.83,36,35,796100,1309
869,Yun,Pentagon,171,5,23.17,70.38,6.43,5,,1,10,11233,2,54,69,81,19,0.85,15,5,274450,12288
871,Skyfull,DeToNator (ex),171,3,14.42,78.36,7.21,3,,0,3,8989,1,30,35,57,25,0.61,9,8,196650,805
872,jfoen,E-Xolos LAZER,171,16,19.88,72.53,7.58,16,,3,30,39888,13,139,196,259,143,0.76,42,37,909350,1141
873,Draxii,Rex Regum Qeon (ex),171,8,21.15,74.78,4.05,8,,3,25,18225,1,73,101,123,52,0.82,30,12,414600,2794
874,Lily,EVA:e,171,3,18.47,75.79,5.73,3,,0,4,8679,1,29,36,53,24,0.68,4,2,179500,23096
877,bucher,FOKUS (ex),170,12,28.75,69.37,1.87,12,,1,43,31352,7,138,164,184,50,0.89,34,8,665000,5687
878,godko,Desperado (ex),170,21,22.55,71.9,5.53,21,,6,54,51542,8,224,246,304,102,0.81,54,28,1069250,6690
879,FuriousMeow,Oblivion Force,170,4,19.31,76.13,4.54,4,,3,10,9712,2,34,57,68,34,0.84,14,17,245700,3445
880,PEPA,Team Vikings (ex),170,9,24.84,73.03,2.12,9,,2,35,18586,1,82,94,136,43,0.69,16,8,407800,2607
881,Art,Sengoku Gaming (ex),169,11,16.28,75.18,8.52,11,,6,23,21410,5,86,113,132,64,0.86,21,12,468300,21302
885,Blas,NAOS Esports,169,4,23.35,71.85,4.79,4,,1,1,8477,1,39,47,64,25,0.73,11,4,196700,9613
886,brawk,Ghost Gaming (ex),169,15,24.27,68.59,7.13,15,,3,37,38626,14,143,184,204,116,0.9,35,36,812200,1468
887,Jan,Next eSports,169,3,27.48,61.83,10.68,3,,1,12,7668,1,36,40,48,20,0.83,10,6,173050,22842
889,2GE,Rex Regum Qeon,169,8,24.02,69.96,6.0,8,,7,19,18879,8,80,100,114,67,0.88,24,19,415500,9124
890,Obnoks,BIG (ex),169,25,28.55,66.09,5.34,25,,5,62,62061,5,267,316,414,115,0.76,71,30,1419050,360
891,RoaN,SunXet Club (ex),168,11,22.1,67.13,10.75,11,,1,20,25226,4,109,132,187,74,0.71,32,6,604000,3503
892,NeruFi,Crest Gaming ZST,168,9,22.07,72.72,5.19,9,,2,30,20824,5,85,112,145,42,0.77,23,9,496900,2109
893,ableJ,FURIA (ex),168,34,21.17,70.27,8.55,34,,12,60,84075,13,307,433,532,253,0.81,102,79,1945300,18192
894,Dhimorutoo,Reignite (ex),168,8,24.82,70.4,4.76,8,,1,16,15239,1,73,93,110,60,0.85,22,17,378100,2849
895,Peloncito,E-Xolos LAZER,168,9,29.84,66.34,3.8,9,,6,31,22500,6,94,120,154,48,0.78,29,9,538350,14639
896,B4nnba,Pentagon,167,5,27.47,68.13,4.39,5,,1,10,11876,1,50,64,77,11,0.83,14,8,257050,6744
897,Delta,Maru Gaming (ex),167,22,19.88,69.13,10.98,22,,8,46,46399,8,172,274,317,137,0.86,63,58,1089100,15651
900,pho,Evil Geniuses (ex),167,12,31.65,62.84,5.5,12,,10,37,28537,8,138,146,187,56,0.78,28,42,629050,102
902,Fantasy,Team T5,167,16,28.62,67.12,4.25,16,,4,44,36054,3,168,185,252,88,0.73,44,25,853600,1512
903,KimGyuTae,Desperado,167,16,22.24,69.3,8.45,15,,6,23,33659,2,121,184,252,45,0.73,45,13,764300,19177
904,hype,OG LDN UTD (ex),167,21,24.2,70.81,4.97,21,,6,46,51349,6,214,276,340,127,0.81,56,17,1245100,2199
905,lukzera,TBK Esports,167,38,22.31,71.8,5.88,38,,21,81,87842,21,368,499,567,279,0.88,113,75,2071250,9831
906,CHIMEI,Oblivion Force,167,4,12.85,80.0,7.14,4,,1,8,10421,1,27,51,72,32,0.71,12,3,218050,22285
907,Reformed,Evil Geniuses,167,35,21.27,69.53,9.18,35,,17,62,83911,16,336,446,575,253,0.78,101,76,2042850,11672
908,ANGE1,FunPlus Phoenix (ex),166,85,30.42,62.55,7.01,85,,13,92,201331,18,889,1023,1342,464,0.76,234,76,4736500,2335
909,이토히로부비부빗,Team T5 (ex),166,6,24.38,70.24,5.37,6,,0,16,13077,1,59,68,81,35,0.84,16,9,311700,22791
910,shroud,Sentinels,166,8,35.2,61.37,3.42,8,,3,24,22218,2,113,110,147,80,0.75,27,24,541600,16735
911,Delend,Made in Thailand (ex),166,17,30.23,65.51,4.25,17,,4,39,40309,2,192,207,267,133,0.78,44,62,906700,347
912,olzerr,PAMPAS (ex),166,11,31.45,63.42,5.11,11,,10,29,24259,5,123,134,156,80,0.86,26,26,535950,3538
913,hyouka,Reignite,165,10,22.85,71.99,5.15,10,,1,22,21236,4,93,110,137,51,0.8,24,11,472350,921
914,crow,ZETA DIVISION,165,63,24.05,68.96,6.98,63,,15,141,142612,29,558,746,826,388,0.9,159,194,3040050,2699
915,Keria,Spear Gaming,165,30,22.71,68.64,8.64,30,,13,63,67011,13,276,328,446,215,0.74,66,69,1481200,8076
916,EROC,EVA:e (ex),165,3,30.08,64.22,5.69,3,,1,11,7633,3,37,39,44,28,0.89,8,3,173500,506
917,Bonecold,Acend (ex),164,13,32.19,58.5,9.29,13,,4,34,29557,4,142,149,179,62,0.83,32,30,637700,1334
918,jotinha,SunXet Club (ex),164,11,27.84,63.92,8.22,11,,3,30,25711,4,132,127,182,50,0.7,22,6,588200,5907
919,Russ,Guild Esports (ex),163,47,31.59,60.87,7.52,47,,7,57,107802,16,546,564,729,318,0.77,125,130,2636600,2318
921,v1nNy,Gamelanders Blue (ex),163,15,27.27,68.08,4.64,15,,5,37,34677,9,135,176,217,101,0.81,40,19,783450,622
922,JREXXX,Insomnia (ex),163,3,20.13,66.66,13.19,3,,0,7,6423,1,29,29,46,10,0.63,5,2,149400,9589
923,FNS,OpTic Gaming (ex),163,111,20.48,71.83,7.67,111,,24,260,254698,37,1022,1301,1606,646,0.81,280,252,6036550,2841
924,SoGaTe,Tartarus (ex),162,16,25.78,67.04,7.17,14,,4,36,27498,4,115,138,205,94,0.67,24,18,624600,22846
925,SoGaTe,Team GP (ex),161,6,30.15,66.13,3.7,6,,3,20,12663,4,57,68,84,39,0.81,16,7,280350,22846
926,Glovee,SuperMassive (ex),162,11,26.35,67.79,5.85,11,,2,25,25793,4,117,134,177,58,0.76,29,6,626700,3233
927,Unnsto,EBRO Gaming (ex),162,11,18.91,75.38,5.69,11,,3,11,24312,6,73,112,164,85,0.68,24,13,560350,3507
928,Gunny,GoNGo Prince,162,5,21.07,68.6,10.31,5,,1,18,12357,2,47,59,86,27,0.69,12,10,293650,6619
930,myssen,Liberty,162,20,34.02,60.97,5.0,20,,8,60,45933,6,231,246,297,103,0.83,54,44,1078550,986
931,WKN,Meta Gaming (ex),161,10,22.3,68.5,9.18,10,,2,29,21679,3,85,110,157,71,0.7,21,33,540050,2781
932,redwater877,Team T5,161,22,23.59,67.13,9.27,22,,5,34,47795,2,201,246,348,104,0.71,58,25,1175650,8058
933,Paint,Insomnia (ex),161,3,29.47,70.52,0.0,3,,0,2,6195,2,28,30,48,10,0.63,7,4,135750,15639
934,NoriseN,REJECT (ex),160,21,30.82,65.03,4.14,21,,8,34,45470,8,201,239,301,103,0.79,51,86,1061150,705
935,DippER,VPZ (ex),160,4,29.67,65.16,5.16,4,,1,6,7923,2,46,39,61,19,0.64,11,1,178500,22697
936,DOGAO,Movistar Optix,160,13,18.24,75.12,6.63,13,,1,13,28734,6,110,136,209,52,0.65,32,17,687350,4619
937,axeLuvY,Alter Ego (ex),160,22,26.4,65.47,8.11,22,,15,74,47690,12,192,265,311,183,0.85,66,78,1159500,25261
938,GODLIKE,World Game Star (ex),160,57,27.61,63.6,8.78,57,,8,85,122938,25,547,633,837,316,0.76,144,71,2898300,2687
940,pAura,BBL Esports (ex),159,22,27.76,66.36,5.86,22,,5,48,50016,8,246,247,355,99,0.7,54,68,1228900,1749
941,GwangUh,Maru Gaming (ex),159,26,28.37,64.56,7.06,26,,5,49,55248,9,265,295,362,177,0.81,66,47,1290000,6740
942,GwangUh,Tartarus (ex),142,16,26.05,65.26,8.68,14,,5,18,24547,4,105,125,211,81,0.59,25,10,635100,6740
943,SEIDER,FunPlus Phoenix (si),159,10,37.83,57.09,5.06,10,,2,28,22651,2,112,119,147,46,0.81,22,15,484550,1481
944,Rossy,TSM (ex),159,10,24.32,69.36,6.3,10,,7,22,25118,6,108,122,159,62,0.77,26,42,556450,5305
945,frostmind,BOOM Esports (ex),158,27,30.5,66.98,2.51,27,,9,68,57706,8,291,307,367,102,0.84,70,83,1295800,3361
946,Mited,FUSION,158,14,25.59,67.51,6.88,14,,7,38,30277,6,130,156,226,92,0.69,31,31,744750,3578
947,RIPablo,IGZIST,158,19,25.54,70.12,4.33,19,,9,42,36504,7,165,189,226,128,0.84,45,39,806900,1401
948,skyeSG,No Namers (ex),158,5,15.07,76.38,8.54,5,,2,7,9517,2,30,53,75,35,0.71,8,10,228950,2275
949,Misaya,Sengoku Gaming,157,11,17.69,73.0,9.29,11,,1,9,20649,8,80,111,151,53,0.74,26,38,512050,9540
950,dinkzj,Natus Vincere (ex),157,35,20.99,73.83,5.16,35,,21,78,83240,16,329,420,535,176,0.79,83,64,1969000,2279
951,RELAXING,TRIDENT (ex),157,2,24.63,71.01,4.34,2,,1,6,3786,1,17,16,31,19,0.52,2,2,93900,23104
952,shelbyN,EBRO Gaming (ex),156,11,28.72,65.69,5.58,11,,2,37,23341,3,108,125,168,64,0.74,24,18,547050,4791
953,roseaufy,Persija Esports,156,16,19.27,72.66,8.05,16,,13,62,38350,9,122,196,255,90,0.77,44,16,858100,6834
954,poem,IGZIST,155,19,24.63,63.44,11.91,19,,8,23,36873,10,153,190,257,103,0.74,47,57,895000,2049
955,Majestyy,FW Esports,154,5,23.16,68.92,7.9,5,,1,10,10336,2,41,62,79,24,0.78,13,25,273300,13608
956,Dispenser,Team Secret,154,20,20.02,72.84,7.13,20,,7,30,40168,6,174,206,273,88,0.75,42,26,944500,2674
957,Solution,FUSION (ex),154,4,21.09,71.09,7.81,4,,1,9,8042,1,27,32,64,18,0.5,8,5,180150,23698
958,Dszera,Team Vikings (ex),154,9,26.22,64.34,9.42,9,,4,29,17297,4,64,80,132,44,0.61,22,18,415250,181
959,ec1s,100 Thieves (ex),153,5,24.56,66.66,8.77,5,,0,8,10177,2,42,50,76,35,0.66,11,4,252950,923
960,Biju,IXA (ex),153,5,20.1,73.86,6.03,5,,1,19,10774,1,40,51,82,26,0.62,8,12,258600,18387
961,hypathor,Oblivion Force,153,4,22.37,65.73,11.88,4,,2,10,9529,4,32,48,65,17,0.74,14,6,216400,22286
962,Machao,DetonatioN Gaming White (ex),151,2,20.0,72.3,7.69,2,,0,5,4009,1,13,23,27,19,0.85,4,1,112050,23147
963,JhoW,Keyd Stars (ex),151,25,14.84,75.41,9.73,25,,7,58,53118,14,177,282,365,154,0.77,57,62,1360950,1661
964,CyderX,SuperMassive (ex),149,11,30.13,62.19,7.67,11,,4,33,26085,5,110,116,173,65,0.67,20,15,610350,9642
965,CyderX,BBL Esports (si),123,4,23.89,69.02,7.07,4,,0,16,6057,1,27,28,60,29,0.47,1,8,181450,9642
966,Yacine,Guild Esports,149,7,15.85,78.96,5.18,7,,1,6,16335,4,55,86,128,41,0.67,18,20,458400,406
967,Veroneze,Team Vikings (ex),148,9,22.43,71.86,5.7,9,,1,13,15943,2,59,81,142,31,0.57,12,4,400300,1159
968,侵略者,ややーず,148,2,14.67,71.55,13.76,2,,1,5,4219,1,16,24,30,12,0.8,6,10,114850,9552
969,Kaspe,BIG (ex),147,13,21.65,71.85,6.49,13,,1,29,27076,3,110,137,199,79,0.69,26,11,695400,4956
970,RHZ,Keyd Stars (ex),147,35,24.2,68.74,7.04,29,,13,55,62240,16,237,338,438,193,0.77,59,55,1560550,957
972,kiles,Acend (ex),145,13,26.65,68.24,5.1,13,,2,28,26342,2,141,130,194,69,0.67,28,20,651650,3208
973,Frosty,Knights (ex),145,17,31.85,63.52,4.62,17,,8,23,34072,9,179,179,259,57,0.69,37,26,883400,30748
976,Rawkus,Sentinels (ex),144,6,21.17,72.52,6.3,6,,4,15,11957,5,47,62,99,44,0.63,12,14,334300,370
977,Wonjina,Next eSports,142,4,20.39,67.1,12.5,4,,0,6,7628,2,31,41,61,21,0.67,8,10,204250,22839
978,DxN,No Namers (ex),142,5,18.88,76.11,5.0,5,,1,10,9682,1,34,46,78,14,0.59,9,1,249850,6610
979,Flash,Rex Regum Qeon,140,1,23.25,76.74,0.0,1,,0,2,2776,1,10,14,23,7,0.61,3,5,85450,9125
980,AztKk,FUSION (ex),134,4,28.57,60.2,11.22,4,,0,7,6550,1,28,28,62,30,0.45,5,9,185150,1428
981,HellrangeR,Global Esports,134,5,26.82,67.68,5.48,5,,1,16,9017,3,44,51,73,30,0.7,13,11,256500,2899
982,Poach,FaZe Clan (ex),132,2,30.43,59.42,10.14,2,,0,9,3644,1,21,20,29,8,0.69,6,1,94550,394
983,Toto,GyoGun,128,2,26.08,65.21,8.69,2,,0,5,2821,1,12,15,29,9,0.52,2,9,81700,23149
984,Melofovia,DetonatioN Gaming White (ex),125,3,21.01,66.66,12.31,3,,0,3,5177,1,29,24,40,9,0.6,4,3,147800,23141
985,Gabriel,AWS,113,2,24.39,70.73,4.87,2,,0,2,2389,1,10,11,28,7,0.39,2,3,80450,15548
986,YAYA,ややーず,111,2,25.0,65.9,9.09,2,,2,4,3214,1,11,16,34,12,0.47,2,3,109750,9561
987,Pa1n,Focus e-Sports,104,2,39.39,54.54,6.06,2,,1,9,2714,1,13,14,31,3,0.45,1,3,90050,23154
